org_profile_link,count_person,avg_word_length,median_word_length
/company/us-army?trk=ppro_cprof,64168,138.2506857000374,111
/company/ibm?trk=ppro_cprof,54169,143.6819029334121,116
/company/us-navy?trk=ppro_cprof,46373,137.5953248657624,110
/company/bank-of-america?trk=ppro_cprof,46004,130.3987479349622,103
/company/united-states-air-force?trk=ppro_cprof,45565,139.3241084165478,112
/company/hewlett-packard?trk=ppro_cprof,39449,140.62944561332353,113
/company/jpmorgan-chase?trk=ppro_cprof,37010,127.21548230208052,101
/company/at&t?trk=ppro_cprof,36559,136.6172488306573,109
/company/wells-fargo?trk=ppro_cprof,30606,129.7199241978697,102
/company/united-states-marine-corps?trk=ppro_cprof,27809,137.50933151138122,110
/company/microsoft?trk=ppro_cprof,27434,141.91178829190056,116
/company/citi?trk=ppro_cprof,25649,131.2394245389684,104
/company/deloitte?trk=ppro_cprof,24696,140.1958211856171,114
/company/pwc?trk=ppro_cprof,23908,140.05383135352184,113
/company/accenture?trk=ppro_cprof,23666,140.5107749514071,113
/company/target?trk=ppro_cprof,23092,120.59020439979214,96
/company/lockheed-martin?trk=ppro_cprof,21489,139.17506631299736,112
/company/pfizer?trk=ppro_cprof,20835,132.86858651307895,106
/company/oracle?trk=ppro_cprof,19389,144.542008355253,118
/company/sprint?trk=ppro_cprof,19330,132.20817382307294,106
/company/walmart?trk=ppro_cprof,18231,121.49898524491252,95
/company/cisco?trk=ppro_cprof,17986,142.70916268208606,116
/company/ernstandyoung?trk=ppro_cprof,17879,138.9119078248224,111
/company/dell?trk=ppro_cprof,17592,137.47834242837652,111
/company/best-buy?trk=ppro_cprof,16512,123.39498546511628,98
/company/apple?trk=ppro_cprof,15929,133.97281687488228,107
/company/ge?trk=ppro_cprof,15291,134.4566738604408,107
/company/macy?trk=ppro_cprof,14756,120.84243697478992,95
/company/the-home-depot?trk=ppro_cprof,14519,126.8430332667539,99
/company/motorola-mobility?trk=ppro_cprof,14334,137.91656202037115,110
/company/intel-corporation?trk=ppro_cprof,14310,139.45471698113207,112
/company/csc?trk=ppro_cprof,14046,142.83077032607147,115
/company/wellsfargo?trk=ppro_cprof,13936,128.84428817451206,103
/company/northrop-grumman-corporation?trk=ppro_cprof,13802,137.93609621793942,111
/company/boeing?trk=ppro_cprof,13414,141.64745787982704,113
/company/merrill-lynch?trk=ppro_cprof,13104,139.9629884004884,110
/company/starbucks?trk=ppro_cprof,12961,122.99768536378366,98
/company/merck?trk=ppro_cprof,12776,133.20757670632435,107
/company/kpmg-us?trk=ppro_cprof,12735,137.24695720455438,109
/company/verizon?trk=ppro_cprof,12165,136.19260172626386,109
/company/verizon-wireless?trk=ppro_cprof,12016,124.44174434087883,98
/company/teksystems?trk=ppro_cprof,11524,140.2528635890316,117
/company/xerox?trk=ppro_cprof,11517,137.69167317877918,109
/company/alcatel-lucent?trk=ppro_cprof,11260,138.70266429840143,111
/company/northwestern-mutual?trk=ppro_cprof,11068,123.68169497650885,99
/company/ups?trk=ppro_cprof,10910,127.69844179651696,100
/company/general-motors?trk=ppro_cprof,10881,132.47771344545538,105
/company/enterprise-rent-a-car?trk=ppro_cprof,10841,121.9230698275067,97
/company/hp-enterprise-services?trk=ppro_cprof,10815,136.38465094775773,110
/company/fidelity-investments?trk=ppro_cprof,10763,128.45414847161572,102
/company/adp?trk=ppro_cprof,10738,131.73337679269883,107
/company/at&t-mobility?trk=ppro_cprof,10657,133.85427418598104,107
/company/johnson-&-johnson?trk=ppro_cprof,10394,135.06927073311525,108
/company/booz-allen-hamilton?trk=ppro_cprof,10337,144.45970784560316,119
/company/kaiser-permanente?trk=ppro_cprof,10292,135.18732996502138,107
/company/ford-motor-company?trk=ppro_cprof,10085,133.65761031234507,107
/company/morgan-stanley?trk=ppro_cprof,10047,137.28525928137753,109
/company/abbott-?trk=ppro_cprof,9936,132.21125201288245,105
/company/keller-williams-realty-inc?trk=ppro_cprof,9790,155.3746680286006,126
/company/american-express?trk=ppro_cprof,9764,133.86368291683735,106
/company/nordstrom?trk=ppro_cprof,9701,122.63014122255437,98
/company/sears-holdings-corporation?trk=ppro_cprof,9696,125.34818481848185,99
/company/morgan-stanley-wealth-management?trk=ppro_cprof,9487,142.22293665015283,114
/company/walgreens?trk=ppro_cprof,9352,121.65119760479043,95
/company/state_farm?trk=ppro_cprof,9331,127.63573036116172,102
/company/verizon-enterprise?trk=ppro_cprof,9035,137.10868843386828,109
/company/lowe's-home-improvement?trk=ppro_cprof,8854,123.34752654167607,98
/company/us-bank?trk=ppro_cprof,8818,123.63438421410751,98
/company/t-mobile?trk=ppro_cprof,8792,131.46838034576888,106
/company/saic?trk=ppro_cprof,8639,142.9468688505614,116
/company/procter-&-gamble?trk=ppro_cprof,8577,134.88795616182816,106
/company/nortel-networks?trk=ppro_cprof,8551,140.63782013799556,113
/company/university-of-minnesota?trk=ppro_cprof,8515,130.66400469759247,105
/company/glaxosmithkline?trk=ppro_cprof,8390,133.7051251489869,108
/company/marriott-international?trk=ppro_cprof,8344,127.91994247363375,101
/company/the-walt-disney-company?trk=ppro_cprof,8337,137.8089240734077,108
/company/mcdonald's-corporation?trk=ppro_cprof,8290,120.87442702050663,95
/company/allstate?trk=ppro_cprof,8256,129.73812984496124,102
/company/university-of-phoenix?trk=ppro_cprof,8236,141.5683584264206,113
/company/metlife?trk=ppro_cprof,8190,139.63418803418804,111
/company/sun-microsystems_1062?trk=ppro_cprof,8178,141.50953778429934,114
/company/jcpenney?trk=ppro_cprof,8146,121.93812914313773,96
/company/thomson-reuters_1400?trk=ppro_cprof,8110,134.47139334155364,107
/company/emc?trk=ppro_cprof,7984,137.12074148296594,111
/company/siemens?trk=ppro_cprof,7863,138.58374666157954,111
/company/raytheon?trk=ppro_cprof,7698,137.82372044686932,110
/company/prudential-financial?trk=ppro_cprof,7672,133.74934827945776,105
/company/honeywell?trk=ppro_cprof,7612,133.4764844981608,107
/company/university-of-washington?trk=ppro_cprof,7565,135.1276933245208,108
/company/ameriprise-financial-services-inc?trk=ppro_cprof,7564,131.1485986250661,110
/company/comcast?trk=ppro_cprof,7527,129.75036535140163,102
/company/texas-instruments?trk=ppro_cprof,7492,137.01975440469835,109
/company/google?trk=ppro_cprof,7474,131.27040406743376,104
/company/capital-one?trk=ppro_cprof,7412,126.71708041014571,100
/company/unitedhealth-group?trk=ppro_cprof,7340,128.61893732970026,103
/company/infosys?trk=ppro_cprof,7316,152.8425369054128,127
/company/tata-consultancy-services?trk=ppro_cprof,7304,154.6365005476451,130
/company/unisys?trk=ppro_cprof,7303,139.838833356155,111
/company/american-red-cross?trk=ppro_cprof,7291,132.49773693594844,105
/company/aerotek?trk=ppro_cprof,7211,130.76355567882402,104
/company/amazon?trk=ppro_cprof,7202,130.11663426825882,104
/company/cognizant-technology-solutions?trk=ppro_cprof,7149,156.6779969226465,131
/company/cvs-caremark-corporation?trk=ppro_cprof,6936,125.12990196078431,99
/company/university-of-michigan?trk=ppro_cprof,6895,132.71602610587382,105
/company/bristol-myers-squibb?trk=ppro_cprof,6863,133.7193647093108,107
/company/urs-corporation?trk=ppro_cprof,6860,139.98236151603498,114
/company/peace-corps?trk=ppro_cprof,6856,131.83051341890314,104
/company/new-york-life-insurance-company?trk=ppro_cprof,6784,151.61409198113208,133
/company/robert-half-international?trk=ppro_cprof,6742,139.96336398694748,111
/company/army-national-guard?trk=ppro_cprof,6733,133.18743502153572,107
/company/aetna?trk=ppro_cprof,6722,129.66438559952394,103
/company/liberty-mutual-insurance?trk=ppro_cprof,6699,125.63949843260188,101
/company/penn-state-university?trk=ppro_cprof,6685,134.78952879581152,106
/company/novartis?trk=ppro_cprof,6681,129.63703038467295,104
/company/walt-disney-world?trk=ppro_cprof,6595,129.7420773313116,101
/company/bp?trk=ppro_cprof,6588,136.28764420157862,108
/company/bae-systems?trk=ppro_cprof,6533,135.1144956375325,109
/company/department-of-veterans-affairs?trk=ppro_cprof,6442,136.8677429369761,112
/company/merrilllynch?trk=ppro_cprof,6400,147.01890625,117
/company/gap-inc.?trk=ppro_cprof,6380,123.92523510971787,98
/company/hsbc?trk=ppro_cprof,6318,124.44507755618866,100
/company/kellyservices?trk=ppro_cprof,6239,125.33915691617247,101
/company/gehealthcare?trk=ppro_cprof,6228,132.5014450867052,106
/company/philips?trk=ppro_cprof,6223,133.64679415073115,108
/company/pnc-bank?trk=ppro_cprof,6214,121.53990988091407,97
/company/the-ohio-state-university?trk=ppro_cprof,6198,130.6940948693127,104
/company/gecapital?trk=ppro_cprof,6175,127.31611336032388,101
/company/michigan-state-university?trk=ppro_cprof,6106,132.6030134294137,105
/company/johnson-controls?trk=ppro_cprof,6096,132.16338582677164,105
/company/ericsson?trk=ppro_cprof,6056,140.4446829590489,113
/company/united-states-department-of-defense?trk=ppro_cprof,6049,142.49396594478426,115
/company/aig?trk=ppro_cprof,5989,134.6765737184839,106
/company/university-of-southern-california?trk=ppro_cprof,5979,144.65445726710152,116
/company/time-warner-cable?trk=ppro_cprof,5979,129.68088309081787,103
/company/coldwell-banker?trk=ppro_cprof,5954,155.2668794088008,125
/company/kohls-department-stores?trk=ppro_cprof,5943,120.05889281507656,96
/company/ymca?trk=ppro_cprof,5935,125.41499578770008,99
/company/yahoo?trk=ppro_cprof,5927,142.89843090939766,114
/company/l-3-communications?trk=ppro_cprof,5854,138.33378886231637,112
/company/circuit-city?trk=ppro_cprof,5834,124.14844017826535,99
/company/abercrombie-&-fitch?trk=ppro_cprof,5788,120.19557705597788,96
/company/purdue-university?trk=ppro_cprof,5781,132.52516865594188,105
/company/uc-berkeley?trk=ppro_cprof,5780,137.69498269896195,109
/company/medtronic?trk=ppro_cprof,5725,130.17187772925763,103
/company/theuniversityoftexasataustin-?trk=ppro_cprof,5724,133.17575122292104,105
/company/staples?trk=ppro_cprof,5716,121.44839048285515,98
/company/pepsico?trk=ppro_cprof,5685,130.02849604221635,102
/company/chrysler?trk=ppro_cprof,5674,131.18628833274585,104
/company/eastman-kodak?trk=ppro_cprof,5670,137.52239858906526,111
/company/j-p-morgan?trk=ppro_cprof,5668,130.07674664784756,104
/company/nationwide-insurance?trk=ppro_cprof,5668,126.56086803105151,99
/company/eli-lilly-and-company?trk=ppro_cprof,5649,133.82067622588067,106
/company/h&r-block?trk=ppro_cprof,5643,123.20148856990963,99
/company/suntrust-bank?trk=ppro_cprof,5643,125.75208222576643,101
/company/nbcuniversal-inc.?trk=ppro_cprof,5564,143.8745506829619,111
/company/baxter-healthcare?trk=ppro_cprof,5536,131.9349710982659,106
/company/capgemini?trk=ppro_cprof,5508,153.61220043572985,125
/company/cigna?trk=ppro_cprof,5504,129.64262354651163,104
/company/the-coca-cola-company?trk=ppro_cprof,5478,133.00036509675064,105
/company/sanofi-?trk=ppro_cprof,5469,132.3408301334796,107
/company/bny-mellon?trk=ppro_cprof,5465,126.68746569075938,101
/company/ucla?trk=ppro_cprof,5438,141.92074292019126,113
/company/farmers-insurance?trk=ppro_cprof,5415,128.41809787626963,102
/company/stanford-university?trk=ppro_cprof,5402,141.4544613106257,111
/company/aflac?trk=ppro_cprof,5399,130.26467864419337,104
/company/arizona-state-university?trk=ppro_cprof,5359,137.7715991789513,110
/company/cbre?trk=ppro_cprof,5355,139.36918767507004,113
/company/viacom?trk=ppro_cprof,5347,145.89863474845708,113
/company/symantec?trk=ppro_cprof,5344,139.97791916167665,113
/company/victoria's-secret?trk=ppro_cprof,5313,119.42687747035573,96
/company/new-york-university?trk=ppro_cprof,5299,150.29835818078882,118
/company/goldman-sachs?trk=ppro_cprof,5294,132.46411031356251,106
/company/university-of-wisconsin-madison?trk=ppro_cprof,5203,131.16759561791275,103
/company/sap?trk=ppro_cprof,5196,150.12875288683603,120
/company/boston-scientific?trk=ppro_cprof,5169,129.9131360030954,103
/company/university-of-florida?trk=ppro_cprof,5159,139.6361698003489,111
/company/aon-hewitt?trk=ppro_cprof,5140,128.18754863813228,103
/company/the-hartford?trk=ppro_cprof,5089,125.88150913735508,101
/company/qwest?trk=ppro_cprof,5087,136.6298407705917,110
/company/travelers?trk=ppro_cprof,5075,124.83251231527093,99
/company/3m?trk=ppro_cprof,5069,131.31465772341684,104
/company/aramark?trk=ppro_cprof,5062,122.78881864875544,97
/company/us-census-bureau?trk=ppro_cprof,5062,128.14757013038326,101
/company/itt-technical-institute?trk=ppro_cprof,5043,136.81558596073765,108
/company/remax?trk=ppro_cprof,5000,154.7856,126
/company/convergys?trk=ppro_cprof,4891,131.13289715804538,104
/company/fifth-third-bank?trk=ppro_cprof,4836,122.017576509512,97
/company/columbia-university?trk=ppro_cprof,4834,142.9755895738519,111
/company/cardinal-health?trk=ppro_cprof,4824,127.38660862354892,102
/company/aol?trk=ppro_cprof,4821,139.11325451151214,110
/company/ubs?trk=ppro_cprof,4755,133.65867507886435,105
/company/texas-a&m-university?trk=ppro_cprof,4754,134.87799747580985,108
/company/ncr-corporation?trk=ppro_cprof,4741,136.11031427968783,109
/company/nike?trk=ppro_cprof,4708,131.04694137638063,104
/company/usps?trk=ppro_cprof,4689,128.5062913201109,99
/company/rutgers-university?trk=ppro_cprof,4660,132.75364806866952,104
/company/bearingpoint?trk=ppro_cprof,4642,146.1361482119776,121
/company/university-of-california-at-san-diego?trk=ppro_cprof,4641,134.2268907563025,107
/company/chevron?trk=ppro_cprof,4638,139.03040103492884,110
/company/td?trk=ppro_cprof,4614,123.07542262678804,99
/company/north-carolina-state-university?trk=ppro_cprof,4613,131.53522653370908,103
/company/radioshack?trk=ppro_cprof,4611,127.02103665148557,100
/company/coldwell-banker-residential-brokerage?trk=ppro_cprof,4606,157.86191923577942,128
/company/ca-technologies?trk=ppro_cprof,4598,143.29056111352762,115
/company/university-of-maryland?trk=ppro_cprof,4594,137.169786678276,108
/company/charles-schwab?trk=ppro_cprof,4590,135.3908496732026,109
/company/genentech?trk=ppro_cprof,4561,136.21530366147775,111
/company/credit-suisse?trk=ppro_cprof,4559,135.34327703443736,109
/company/university-of-illinois-at-urbana-champaign?trk=ppro_cprof,4556,131.59328358208955,105
/company/harvard-university?trk=ppro_cprof,4554,144.21365832235398,113
/company/amgen?trk=ppro_cprof,4537,135.3601498787745,110
/company/u.s.-department-of-state?trk=ppro_cprof,4485,141.07380156075808,110
/company/devry-university?trk=ppro_cprof,4471,133.34041601431448,107
/company/fluor?trk=ppro_cprof,4463,143.32377324669505,116
/company/mondelez-international?trk=ppro_cprof,4461,126.04864380183815,98
/company/kroger?trk=ppro_cprof,4448,119.66726618705036,95
/company/office-depot?trk=ppro_cprof,4433,125.09993232573878,100
/company/hilton-worldwide?trk=ppro_cprof,4427,128.29591145245087,102
/company/saicinc?trk=ppro_cprof,4421,145.1316444243384,118
/company/exxonmobil?trk=ppro_cprof,4368,137.56478937728937,108
/company/qualcomm?trk=ppro_cprof,4341,137.718267680258,109
/company/mckesson?trk=ppro_cprof,4324,131.3605457909343,105
/company/schlumberger?trk=ppro_cprof,4306,132.43149094287043,106
/company/colorado-state-university?trk=ppro_cprof,4305,139.77235772357724,117
/company/barnes-&-noble?trk=ppro_cprof,4291,126.45094383593567,100
/company/astrazeneca?trk=ppro_cprof,4278,130.7190275829827,105
/company/wells-fargo-advisors?trk=ppro_cprof,4248,139.9580979284369,110
/company/lexisnexis?trk=ppro_cprof,4247,134.37085001177303,107
/company/vector-marketing?trk=ppro_cprof,4234,123.44355219650448,97
/company/american-airlines?trk=ppro_cprof,4231,133.54289766012764,106
/company/u.s.-coast-guard?trk=ppro_cprof,4224,142.41311553030303,114
/company/edward-jones?trk=ppro_cprof,4210,132.8,105
/company/brigham-young-university?trk=ppro_cprof,4209,125.28011404133998,98
/company/manpowergroup?trk=ppro_cprof,4204,132.57873453853472,105
/company/uc-davis?trk=ppro_cprof,4167,131.83705303575715,104
/company/eaton-corporation?trk=ppro_cprof,4166,130.47551608257322,105
/company/comcast-cable?trk=ppro_cprof,4160,128.70961538461538,102
/company/mit?trk=ppro_cprof,4160,138.359375,110
/company/georgia-institute-of-technology?trk=ppro_cprof,4146,130.43656536420647,103
/company/u.s.-house-of-representatives?trk=ppro_cprof,4145,144.56477683956575,112
/company/avaya?trk=ppro_cprof,4134,134.03120464441218,108
/company/xerox-service?trk=ppro_cprof,4119,135.64773003156105,109
/company/caterpillar-inc?trk=ppro_cprof,4118,131.27051966974258,103
/company/boston-university?trk=ppro_cprof,4087,130.57597259603622,103
/company/jacobs?trk=ppro_cprof,4060,140.88620689655173,115
/company/intuit?trk=ppro_cprof,4044,141.0225024727992,115
/company/american-cancer-society?trk=ppro_cprof,4022,129.8209845847837,103
/company/avon?trk=ppro_cprof,3993,129.94415226646632,101
/company/sodexo?trk=ppro_cprof,3986,124.46813848469644,99
/company/deutsche-bank?trk=ppro_cprof,3973,135.7810218978102,107
/company/first-data-corporation?trk=ppro_cprof,3965,130.49760403530897,104
/company/blockbuster?trk=ppro_cprof,3952,124.98405870445345,98
/company/american-eagle-outfitters?trk=ppro_cprof,3944,118.11992900608519,94
/company/mary-kay-inc?trk=ppro_cprof,3915,129.7808429118774,104
/company/united-airlines?trk=ppro_cprof,3913,132.5139279325326,104
/company/delphi?trk=ppro_cprof,3908,130.6619754350051,104
/company/humana?trk=ppro_cprof,3901,129.02178928479876,103
/company/university-of-pennsylvania?trk=ppro_cprof,3897,137.71747498075442,108
/company/aecom_15656?trk=ppro_cprof,3878,146.52527075812273,121
/company/clear-channel-radio?trk=ppro_cprof,3874,137.01497160557562,108
/company/pitney-bowes?trk=ppro_cprof,3860,131.80310880829015,106
/company/the-church-of-jesus-christ-of-latter-day-saints--?trk=ppro_cprof,3846,128.5470618824753,102
/company/united-states-army-reserve?trk=ppro_cprof,3842,138.48125976054138,111
/company/wellpoint?trk=ppro_cprof,3841,127.92267638635772,102
/company/dow-chemical?trk=ppro_cprof,3836,129.90198123044837,104
/company/massmutual-financial-group?trk=ppro_cprof,3830,142.4592689295039,118
/company/kmart?trk=ppro_cprof,3818,120.99109481403876,94
/company/general-dynamics?trk=ppro_cprof,3806,140.82422490803992,112
/company/kforce?trk=ppro_cprof,3801,142.90055248618785,119
/company/officemax?trk=ppro_cprof,3800,125.78105263157894,100
/company/level-3-communications?trk=ppro_cprof,3794,134.98708487084872,108
/company/state-street?trk=ppro_cprof,3778,122.51879301217575,97
/company/northwestern-university?trk=ppro_cprof,3756,135.56283280085196,108
/company/caci-international-inc?trk=ppro_cprof,3748,136.9941302027748,112
/company/fiserv?trk=ppro_cprof,3740,130.43422459893048,105
/company/amoura-rose-beauty?trk=ppro_cprof,3739,129.9277881786574,100
/company/cornell-university?trk=ppro_cprof,3734,136.20889126941617,107
/company/cgi?trk=ppro_cprof,3733,136.48031074203053,110
/company/fedex?trk=ppro_cprof,3728,129.66255364806867,102
/company/amd?trk=ppro_cprof,3719,137.2640494756655,109
/company/wells-fargo-home-mortgage?trk=ppro_cprof,3714,128.38072159396876,102
/company/the-university-of-arizona?trk=ppro_cprof,3708,140.2742718446602,112
/company/darden-restaurants?trk=ppro_cprof,3700,124.19702702702703,98
/company/keybank?trk=ppro_cprof,3698,122.63656030286641,98
/company/dupont?trk=ppro_cprof,3692,135.34615384615384,109
/company/century-21?trk=ppro_cprof,3660,148.2825136612022,118
/company/safeway?trk=ppro_cprof,3658,126.46828868234007,101
/company/delta-air-lines?trk=ppro_cprof,3656,129.6723194748359,103
/company/cox-communications?trk=ppro_cprof,3648,133.9830043859649,106
/company/paychex?trk=ppro_cprof,3633,139.21056977704376,115
/company/university-of-pittsburgh?trk=ppro_cprof,3633,138.66253784750896,107
/company/university-of-illinois-at-chicago?trk=ppro_cprof,3624,138.11423841059602,110
/company/adobe?trk=ppro_cprof,3609,141.92768079800499,116
/company/grant-thornton-llp?trk=ppro_cprof,3598,135.27682045580877,109
/company/ch2m-hill?trk=ppro_cprof,3593,143.94155301976065,119
/company/siemens-healthcare?trk=ppro_cprof,3580,130.4709497206704,105
/company/george-washington-university?trk=ppro_cprof,3578,144.82643935159308,115
/company/halliburton?trk=ppro_cprof,3572,135.09686450167973,108
/company/sears-roebuck-and-co.?trk=ppro_cprof,3559,125.95785332958697,100
/company/university-of-north-carolina-at-chapel-hill?trk=ppro_cprof,3558,136.21388420460934,105
/company/unitedhealthcare?trk=ppro_cprof,3548,127.64289740698986,101
/company/spherion?trk=ppro_cprof,3531,132.7666383460776,107
/company/virginia-tech?trk=ppro_cprof,3526,130.40555870674987,103
/company/gap-inc.-old-navy?trk=ppro_cprof,3526,115.39761769710721,92
/company/lehman-brothers?trk=ppro_cprof,3520,136.04829545454547,105
/company/applied-materials?trk=ppro_cprof,3516,134.41154721274177,106
/company/general-dynamics-information-technology?trk=ppro_cprof,3502,136.52569960022845,112
/company/university-of-georgia?trk=ppro_cprof,3477,131.35030198446938,103
/company/ikon-office-solutions?trk=ppro_cprof,3461,129.18838485986709,105
/company/ebay?trk=ppro_cprof,3439,143.28205873800525,114
/company/indiana-university?trk=ppro_cprof,3428,134.29375729288213,107
/company/kbr-inc?trk=ppro_cprof,3428,142.39060676779462,115
/company/electronic-arts?trk=ppro_cprof,3418,141.2729666471621,114
/company/nokia?trk=ppro_cprof,3408,142.418720657277,115
/company/gepowerandwater?trk=ppro_cprof,3384,129.09663120567376,105
/company/national-institutes-of-health?trk=ppro_cprof,3381,141.20763087843832,113
/company/fannie-mae-corporation_19722?trk=ppro_cprof,3371,138.42361317116584,110
/company/gamestop?trk=ppro_cprof,3360,121.68988095238095,97
/company/rr-donnelley?trk=ppro_cprof,3348,129.01433691756273,102
/company/northeastern-university?trk=ppro_cprof,3325,132.8390977443609,106
/company/baker-hughes?trk=ppro_cprof,3324,128.38898916967509,105
/company/usaa?trk=ppro_cprof,3321,129.8705209274315,103
/company/university-of-cincinnati?trk=ppro_cprof,3311,136.83992751434613,108
/company/thermo-fisher-scientific?trk=ppro_cprof,3290,127.28601823708206,104
/company/dhl?trk=ppro_cprof,3266,127.57287201469688,101
/company/university-of-central-florida?trk=ppro_cprof,3263,137.9601593625498,111
/company/wipro-technologies?trk=ppro_cprof,3225,165.9001550387597,140
/company/mcgladrey?trk=ppro_cprof,3224,132.4053970223325,107
/company/internal-revenue-service?trk=ppro_cprof,3224,136.00465260545906,106
/company/us-department-of-homeland-security?trk=ppro_cprof,3207,149.46460866853758,119
/company/bb&t?trk=ppro_cprof,3205,123.12106084243369,99
/company/ntt-data?trk=ppro_cprof,3192,145.64567669172934,118
/company/harris-corporation?trk=ppro_cprof,3184,136.09924623115577,109
/company/temple-university?trk=ppro_cprof,3183,137.933081998115,109
/company/national-city-bank?trk=ppro_cprof,3169,120.83780372357211,97
/company/jones-lang-lasalle?trk=ppro_cprof,3161,134.64062005694402,108
/company/boy-scouts-of-america?trk=ppro_cprof,3159,131.70591959480848,106
/company/covidien_2?trk=ppro_cprof,3149,124.63988567799301,101
/company/duke-university?trk=ppro_cprof,3149,134.91235312797713,107
/company/honeywell-aerospace?trk=ppro_cprof,3147,136.8512869399428,111
/company/bath-&-body-works?trk=ppro_cprof,3144,114.7410941475827,92
/company/agilent-technologies?trk=ppro_cprof,3142,134.96912794398472,107
/company/waste-management?trk=ppro_cprof,3139,127.70532016565785,102
/company/syracuse-university?trk=ppro_cprof,3135,137.29346092503988,108
/company/johns-hopkins-university?trk=ppro_cprof,3130,143.0268370607029,112
/company/university-of-colorado-boulder?trk=ppro_cprof,3126,137.80134357005758,110
/company/cargill?trk=ppro_cprof,3117,126.353545075393,99
/company/toys-r-us?trk=ppro_cprof,3101,120.62947436310867,95
/company/university-of-missouri?trk=ppro_cprof,3095,135.56252019386108,108
/company/starwood-hotels-&-resorts-worldwide-inc?trk=ppro_cprof,3092,133.625808538163,106
/company/nyc-department-of-education?trk=ppro_cprof,3074,137.72218607677294,107
/company/centurylink?trk=ppro_cprof,3063,129.18021547502448,102
/company/ann-inc.?trk=ppro_cprof,3056,118.58802356020942,95
/company/fedex-office?trk=ppro_cprof,3054,128.27570399476096,103
/company/nasa?trk=ppro_cprof,3050,148.3055737704918,119
/company/rockwell-automation?trk=ppro_cprof,3045,131.41346469622331,102
/company/kimberly-clark?trk=ppro_cprof,3023,130.58881905391993,104
/company/quintiles?trk=ppro_cprof,3023,132.46080052927556,107
/company/espn?trk=ppro_cprof,3021,139.45084409136047,109
/company/pepsico-frito-lay?trk=ppro_cprof,3020,124.56953642384106,100
/company/rockwell-collins?trk=ppro_cprof,3018,134.52717031146454,109
/company/university-of-houston?trk=ppro_cprof,3015,132.0474295190713,105
/company/raymond-james-financial-inc-?trk=ppro_cprof,3003,143.5877455877456,117
/company/ucsf?trk=ppro_cprof,3003,137.6080586080586,109
/company/cummins-inc?trk=ppro_cprof,3001,128.35621459513496,102
/company/examiner.com?trk=ppro_cprof,2984,155.50134048257374,121
/company/robert-half-technology?trk=ppro_cprof,2979,142.11043974488084,115
/company/carnegie-mellon-university?trk=ppro_cprof,2977,134.06247900571046,106
/company/bechtel-corporation?trk=ppro_cprof,2974,140.60995292535307,113
/company/dyncorp-international?trk=ppro_cprof,2974,147.88164088769335,124
/company/netapp?trk=ppro_cprof,2973,136.41809619912547,111
/company/us-army-corps-of-engineers?trk=ppro_cprof,2969,138.73155944762547,112
/company/united-states-senate?trk=ppro_cprof,2966,142.71105866486852,109
/company/university-of-tennessee?trk=ppro_cprof,2963,136.12082348970637,112
/company/hcl-technologies?trk=ppro_cprof,2960,160.7858108108108,135
/company/bmo-harris-bank?trk=ppro_cprof,2953,123.65966813410091,98
/company/compuware?trk=ppro_cprof,2950,139.11830508474577,113
/company/express-llc?trk=ppro_cprof,2946,118.3143245078072,93
/company/ciber_1?trk=ppro_cprof,2945,145.74804753820035,120
/company/hca?trk=ppro_cprof,2943,131.97723411484878,105
/company/mcgraw-hill-financial?trk=ppro_cprof,2931,135.16649607642444,106
/company/vmware?trk=ppro_cprof,2930,141.23890784982936,114
/company/subway?trk=ppro_cprof,2928,115.67793715846994,92
/company/georgia-pacific-llc?trk=ppro_cprof,2927,128.5083703450632,102
/company/coca-cola-enterprises?trk=ppro_cprof,2927,126.89374786470789,98
/company/unilever?trk=ppro_cprof,2919,129.92668722165126,102
/company/pearson-north-america?trk=ppro_cprof,2905,132.19586919104992,105
/company/whole-foods-market?trk=ppro_cprof,2881,124.10065949323152,99
/company/cleveland-clinic?trk=ppro_cprof,2878,134.818276580959,106
/company/progressive-insurance?trk=ppro_cprof,2875,125.12869565217392,101
/company/freescale-semiconductor?trk=ppro_cprof,2872,131.28621169916434,101
/company/cintas?trk=ppro_cprof,2866,123.7920446615492,100
/company/cvs-pharmacy?trk=ppro_cprof,2841,115.65575501583949,92
/company/citizens-bank?trk=ppro_cprof,2841,122.79479056670186,96
/company/mahindra-satyam?trk=ppro_cprof,2838,171.02325581395348,148
/company/fis?trk=ppro_cprof,2836,131.5222143864598,105
/company/w.w.-grainger?trk=ppro_cprof,2836,125.29866008462623,100
/company/florida-state-university?trk=ppro_cprof,2824,133.32932011331445,105
/company/marsh?trk=ppro_cprof,2823,132.9404888416578,109
/company/monsanto?trk=ppro_cprof,2821,134.33534207727757,106
/company/ogilvy-&-mather?trk=ppro_cprof,2820,152.1372340425532,119
/company/saks-fifth-avenue?trk=ppro_cprof,2819,125.02092940759134,96
/company/express-scripts?trk=ppro_cprof,2809,124.97614809540762,101
/company/boehringer-ingelheim?trk=ppro_cprof,2796,126.76001430615165,102
/company/trw?trk=ppro_cprof,2794,134.42841803865426,107
/company/principal-financial-group?trk=ppro_cprof,2786,129.81263460157933,104
/company/international-paper?trk=ppro_cprof,2779,127.92371356603094,103
/company/adecco?trk=ppro_cprof,2775,127.90126126126125,100
/company/sam's-club?trk=ppro_cprof,2769,116.63091368725172,92
/company/panera-bread?trk=ppro_cprof,2766,114.5061460592914,92
/company/compucom?trk=ppro_cprof,2756,133.42960812772134,105
/company/university-of-california-irvine?trk=ppro_cprof,2746,136.88601602330664,109
/company/pacific-gas-and-electric-company?trk=ppro_cprof,2744,143.6534256559767,118
/company/compusa?trk=ppro_cprof,2726,133.3492296404989,106
/company/gap-inc.-banana-republic?trk=ppro_cprof,2726,119.43506969919295,95
/company/24-hour-fitness?trk=ppro_cprof,2724,132.5759911894273,103
/company/pizza-hut?trk=ppro_cprof,2722,120.56024981631154,96
/company/regions-financial-corporation?trk=ppro_cprof,2722,122.61241734019103,99
/company/bd1?trk=ppro_cprof,2716,136.09094256259203,110
/company/quest-diagnostics?trk=ppro_cprof,2714,129.63633014001473,103
/company/motorolasolutions?trk=ppro_cprof,2712,137.78650442477877,109
/company/iowa-state-university?trk=ppro_cprof,2712,125.74963126843657,100
/company/itt?trk=ppro_cprof,2705,137.28761552680223,110
/company/u.s.-department-of-justice?trk=ppro_cprof,2691,155.12411742846527,125
/company/tiaa-cref?trk=ppro_cprof,2677,130.81882704519984,104
/company/university-of-kentucky?trk=ppro_cprof,2675,129.1214953271028,101
/company/university-of-chicago?trk=ppro_cprof,2672,135.38473053892216,107
/company/pepsico-pepsi-beverages-company?trk=ppro_cprof,2664,119.57244744744744,93
/company/dillards?trk=ppro_cprof,2662,119.51352366641623,95
/company/u.s.-navy-reserve?trk=ppro_cprof,2658,136.90519187358916,108
/company/shell-oil-company?trk=ppro_cprof,2656,138.8550451807229,111
/company/life_technologies?trk=ppro_cprof,2653,135.50207312476442,108
/company/university-of-south-florida?trk=ppro_cprof,2653,142.3245382585752,112
/company/adt?trk=ppro_cprof,2647,131.79335096335475,104
/company/san-jose-state-university?trk=ppro_cprof,2647,142.0015111446921,117
/company/randstad?trk=ppro_cprof,2647,130.23951643369853,105
/company/stryker?trk=ppro_cprof,2639,126.8904888215233,101
/company/americorps?trk=ppro_cprof,2637,123.91315889268108,97
/company/visa?trk=ppro_cprof,2636,144.87101669195752,116
/company/conagra-foods?trk=ppro_cprof,2623,132.40335493709492,103
/company/university-of-iowa?trk=ppro_cprof,2619,133.1282932416953,104
/company/bloomberg-lp?trk=ppro_cprof,2617,132.1692777990065,105
/company/depaul-university?trk=ppro_cprof,2602,135.1967717140661,108
/company/nielsen?trk=ppro_cprof,2599,127.55252020007696,101
/company/ucsb?trk=ppro_cprof,2584,133.77631578947367,107
/company/life-time-fitness?trk=ppro_cprof,2584,129.77244582043343,101
/company/cnn?trk=ppro_cprof,2577,157.33449747768722,124
/company/anheuser-busch?trk=ppro_cprof,2569,128.55118723238616,103
/company/john-hancock-financial-services?trk=ppro_cprof,2569,136.36784741144413,107
/company/parsons?trk=ppro_cprof,2569,143.13429349941612,116
/company/dick's-sporting-goods?trk=ppro_cprof,2566,117.72525331254872,94
/company/us-epa?trk=ppro_cprof,2566,142.2431800467654,113
/company/usda?trk=ppro_cprof,2565,141.4748538011696,110
/company/applebee's?trk=ppro_cprof,2560,116.20859375,92
/company/university-at-buffalo?trk=ppro_cprof,2559,134.4568190699492,106
/company/duke-energy-corporation?trk=ppro_cprof,2556,135.08489827856025,107
/company/ohio-university?trk=ppro_cprof,2551,130.52058016464133,106
/company/university-of-north-texas?trk=ppro_cprof,2550,137.92627450980393,108
/company/ingersoll-rand?trk=ppro_cprof,2549,127.14986269125147,103
/company/freddie-mac?trk=ppro_cprof,2548,134.6122448979592,108
/company/westinghouse-electric-company?trk=ppro_cprof,2544,140.22287735849056,113
/company/george-mason-university?trk=ppro_cprof,2541,143.96772924045652,114
/company/emory-university?trk=ppro_cprof,2535,135.66785009861934,109
/company/jwt?trk=ppro_cprof,2535,150.0007889546351,119
/company/ralph-lauren?trk=ppro_cprof,2533,121.84721673904461,96
/company/cdw?trk=ppro_cprof,2531,124.26195179770842,101
/company/university-of-miami?trk=ppro_cprof,2530,142.82529644268774,111
/company/pratt-&-whitney?trk=ppro_cprof,2523,129.11058263971464,103
/company/fujitsu?trk=ppro_cprof,2514,151.25258552108195,121
/company/cerner-corporation?trk=ppro_cprof,2510,132.0227091633466,104
/company/bank-one?trk=ppro_cprof,2508,122.73086124401914,97
/company/bell-laboratories?trk=ppro_cprof,2497,142.57148578293953,114
/company/hyatt?trk=ppro_cprof,2497,132.19823788546256,103
/company/teach-for-america?trk=ppro_cprof,2493,130.16766947452868,105
/company/publix-super-markets?trk=ppro_cprof,2492,119.78571428571429,95
/company/san-diego-state-university?trk=ppro_cprof,2485,140.05311871227363,113
/company/directv?trk=ppro_cprof,2484,134.99235104669887,109
/company/mercer?trk=ppro_cprof,2484,126.35547504025764,100
/company/aon?trk=ppro_cprof,2477,131.079127977392,104
/company/ricoh-company-ltd.?trk=ppro_cprof,2471,129.25819506272765,103
/company/costco-wholesale?trk=ppro_cprof,2466,125.06569343065694,100
/company/mayo-clinic?trk=ppro_cprof,2463,131.31019082419814,104
/company/sony-pictures-entertainment?trk=ppro_cprof,2463,149.6613885505481,117
/company/siemens-industry-us?trk=ppro_cprof,2459,133.17974786498576,104
/company/the-world-bank?trk=ppro_cprof,2455,155.6244399185336,129
/company/cna-insurance?trk=ppro_cprof,2453,129.2030167142275,100
/company/drexel-university?trk=ppro_cprof,2453,139.02242152466368,107
/company/mckinsey-&-company?trk=ppro_cprof,2440,140.90573770491804,111
/company/vanguard?trk=ppro_cprof,2438,128.01927809680066,101
/company/the-salvation-army?trk=ppro_cprof,2437,130.94091095609355,104
/company/razorfish?trk=ppro_cprof,2433,150.5869297163995,123
/company/primerica_4416?trk=ppro_cprof,2425,132.72659793814432,105
/company/usda-forest-service?trk=ppro_cprof,2424,136.40965346534654,109
/company/roche?trk=ppro_cprof,2421,133.8537794299876,107
/company/university-of-virginia?trk=ppro_cprof,2407,132.5675114250104,106
/company/georgia-state-university?trk=ppro_cprof,2405,138.42328482328483,112
/company/turner-broadcasting?trk=ppro_cprof,2404,139.3793677204659,110
/company/rochester-institute-of-technology?trk=ppro_cprof,2403,127.74615064502704,104
/company/general-mills?trk=ppro_cprof,2401,127.98000832986256,100
/company/university-of-connecticut?trk=ppro_cprof,2396,132.61393989983304,105
/company/dun-&-bradstreet?trk=ppro_cprof,2395,133.7098121085595,105
/company/abb?trk=ppro_cprof,2392,135.02382943143812,110
/company/warner-bros.-entertainment-group-of-companies?trk=ppro_cprof,2392,149.53428093645485,118
/company/nestle-s.a.?trk=ppro_cprof,2389,127.57681038091252,100
/company/sra-international?trk=ppro_cprof,2385,141.61970649895179,117
/company/washington-state-university?trk=ppro_cprof,2385,133.89350104821804,104
/company/apex-systems?trk=ppro_cprof,2378,146.9381833473507,123
/company/burger-king?trk=ppro_cprof,2376,120.00462962962963,96
/company/chick-fil-a?trk=ppro_cprof,2370,117.05907172995781,93
/company/conocophillips?trk=ppro_cprof,2362,131.32049110922947,104
/company/university-of-oregon?trk=ppro_cprof,2351,130.97405359421523,105
/company/union-bank?trk=ppro_cprof,2348,129.99361158432708,105
/company/sce?trk=ppro_cprof,2336,146.6476883561644,120
/company/first-american-title?trk=ppro_cprof,2335,134.45695931477516,110
/company/bloomingdales?trk=ppro_cprof,2333,125.07843977711102,97
/company/massachusetts-general-hospital?trk=ppro_cprof,2330,133.26051502145924,106
/company/oregon-state-university?trk=ppro_cprof,2326,132.08813413585554,105
/company/caesars-entertainment-corporation?trk=ppro_cprof,2326,129.77300085984524,102
/company/clear-channel-communications?trk=ppro_cprof,2322,131.57278208441,104
/company/basf?trk=ppro_cprof,2320,124.80086206896551,99
/company/lsi-corporation?trk=ppro_cprof,2313,138.49113705144833,111
/company/flextronics?trk=ppro_cprof,2311,133.03115534400692,106
/company/clemson-university?trk=ppro_cprof,2310,130.6939393939394,104
/company/vanderbilt-university?trk=ppro_cprof,2309,135.4413165872672,108
/company/university-of-south-carolina?trk=ppro_cprof,2307,134.7745990463806,106
/company/ceridian?trk=ppro_cprof,2294,128.9904097646033,104
/company/petsmart?trk=ppro_cprof,2292,120.34075043630017,96
/company/sherwin-williams?trk=ppro_cprof,2291,121.00742034046269,97
/company/supervalu?trk=ppro_cprof,2284,128.1624343257443,102
/company/washington-university-in-st-louis?trk=ppro_cprof,2283,129.28996933858957,102
/company/schneider-electric?trk=ppro_cprof,2278,126.39113257243196,103
/company/us-air-force-reserve?trk=ppro_cprof,2274,137.7467018469657,109
/company/us-cellular?trk=ppro_cprof,2273,125.51957765068192,100
/company/axa-advisors?trk=ppro_cprof,2264,152.2053886925795,128
/company/st.-jude-medical?trk=ppro_cprof,2263,134.08705258506407,108
/company/xo-communications?trk=ppro_cprof,2262,140.45048629531388,113
/company/seagate-technology?trk=ppro_cprof,2261,135.49977885891198,109
/company/geaviation?trk=ppro_cprof,2258,127.51284322409212,103
/company/forever-21?trk=ppro_cprof,2253,115.40834442964936,93
/company/eds-group?trk=ppro_cprof,2252,140.5177619893428,111
/company/university-of-massachusetts-amherst?trk=ppro_cprof,2252,127.92539964476022,100
/company/cbs-radio_2?trk=ppro_cprof,2250,137.08266666666665,108
/company/sony-electronics?trk=ppro_cprof,2245,134.17550111358574,107
/company/yale-university?trk=ppro_cprof,2245,140.98975501113586,110
/company/edelman?trk=ppro_cprof,2239,150.7722197409558,121
/company/louisiana-state-university?trk=ppro_cprof,2238,136.390527256479,106
/company/ajilon?trk=ppro_cprof,2238,136.03083109919572,110
/company/salesforce?trk=ppro_cprof,2230,133.01031390134528,112
/company/whirlpool-corporation?trk=ppro_cprof,2227,123.35832959137853,98
/company/abn-amro?trk=ppro_cprof,2226,131.32120395327942,102
/company/mantech?trk=ppro_cprof,2226,141.6208445642408,117
/company/chicago-public-schools?trk=ppro_cprof,2213,134.88025305015816,106
/company/express-employment-professionals_163746?trk=ppro_cprof,2212,127.54430379746836,103
/company/northern-trust?trk=ppro_cprof,2207,130.03081105573176,104
/company/national-park-service?trk=ppro_cprof,2206,134.39755213055304,108
/company/paypal?trk=ppro_cprof,2198,135.9567788898999,108
/company/albertsons?trk=ppro_cprof,2196,125.49271402550092,98
/company/university-of-delaware?trk=ppro_cprof,2190,130.25433789954337,103
/company/the-ritz-carlton-hotel-company-llc?trk=ppro_cprof,2190,134.69360730593607,107
/company/hallmark-cards?trk=ppro_cprof,2187,126.10562414266118,99
/company/outback-steakhouse?trk=ppro_cprof,2179,120.52409362092703,95
/company/university-of-kansas?trk=ppro_cprof,2176,134.30836397058823,106
/company/bmc-software?trk=ppro_cprof,2174,146.1228150873965,121
/company/united-nations?trk=ppro_cprof,2166,153.9145891043398,123
/company/j.crew?trk=ppro_cprof,2163,119.51918631530282,94
/company/nbc-news?trk=ppro_cprof,2159,154.81843446039832,121
/company/wipro?trk=ppro_cprof,2158,168.40268767377202,144
/company/american-family-insurance?trk=ppro_cprof,2149,125.3210795718939,98
/company/neiman-marcus?trk=ppro_cprof,2148,127.46322160148976,99
/company/conde-nast_3308?trk=ppro_cprof,2146,133.6174277726002,108
/company/millercoors?trk=ppro_cprof,2146,132.98136067101584,106
/company/oklahoma-state-university?trk=ppro_cprof,2144,134.1287313432836,110
/company/sungard?trk=ppro_cprof,2140,133.83831775700935,105
/company/miami-university?trk=ppro_cprof,2137,130.46233036967712,100
/company/alcoa?trk=ppro_cprof,2135,130.89976580796252,103
/company/american-university?trk=ppro_cprof,2134,143.73055295220243,113
/company/kellogg-company?trk=ppro_cprof,2130,126.96338028169014,102
/company/gannett?trk=ppro_cprof,2123,136.2378709373528,109
/company/chase?trk=ppro_cprof,2121,126.75483262611975,99
/company/intercontinental-hotels-group?trk=ppro_cprof,2118,136.21010387157696,107
/company/georgetown-university?trk=ppro_cprof,2117,141.12895606991026,110
/company/hillshire-brands?trk=ppro_cprof,2116,125.15689981096408,99
/company/fox-filmed-entertainment?trk=ppro_cprof,2115,149.73758865248226,118
/company/hollister-co.?trk=ppro_cprof,2112,115.09564393939394,92
/company/limited-brands?trk=ppro_cprof,2109,126.70886676149834,100
/company/houghton-mifflin-harcourt?trk=ppro_cprof,2108,133.2813092979127,103
/company/tjx?trk=ppro_cprof,2096,120.02719465648855,97
/company/american-heart-association?trk=ppro_cprof,2095,131.98806682577566,102
/company/texas-tech-university?trk=ppro_cprof,2092,134.263862332696,108
/company/kent-state-university?trk=ppro_cprof,2092,132.1606118546845,103
/company/bed-bath-&-beyond?trk=ppro_cprof,2092,121.05544933078394,95
/company/boeing-commercial-airplanes?trk=ppro_cprof,2091,138.50980392156862,110
/company/us-airways?trk=ppro_cprof,2090,130.13062200956938,102
/company/obama-for-america?trk=ppro_cprof,2088,138.20450191570882,106
/company/los-angeles-unified-school-district?trk=ppro_cprof,2086,140.66970278044104,109
/company/navistar-inc?trk=ppro_cprof,2085,128.9179856115108,102
/company/weichert-realtors?trk=ppro_cprof,2083,144.21123379740757,113
/company/case-western-reserve-university?trk=ppro_cprof,2082,134.89769452449568,105
/company/maxim-healthcare-services?trk=ppro_cprof,2076,129.371387283237,105
/company/barclays-investment-bank?trk=ppro_cprof,2072,131.77895752895753,102
/company/adecco-staffing-usa?trk=ppro_cprof,2068,129.47147001934235,106
/company/portland-state-university?trk=ppro_cprof,2066,139.7947725072604,109
/company/hdr?trk=ppro_cprof,2065,144.0227602905569,119
/company/john-deere?trk=ppro_cprof,2064,129.7296511627907,103
/company/comerica-bank?trk=ppro_cprof,2061,127.2532751091703,101
/company/cushman-&-wakefield?trk=ppro_cprof,2054,147.5632911392405,115
/company/micron-technology?trk=ppro_cprof,2052,130.31237816764133,104
/company/black-and-veatch?trk=ppro_cprof,2051,139.5816674792784,111
/company/accountemps?trk=ppro_cprof,2047,125.19540791402052,100
/company/te-connectivity?trk=ppro_cprof,2044,123.70743639921722,99
/company/chili's?trk=ppro_cprof,2040,119.59656862745098,95
/company/sony-music-entertainment?trk=ppro_cprof,2038,144.74533856722277,111
/company/autodesk?trk=ppro_cprof,2035,139.95823095823096,114
/company/united-space-alliance?trk=ppro_cprof,2031,134.86706056129987,108
/company/charter-communications?trk=ppro_cprof,2029,125.4913750616067,100
/company/huntington-national-bank?trk=ppro_cprof,2029,120.82306554953179,95
/company/art-institute?trk=ppro_cprof,2029,133.57959586002957,106
/company/loreal?trk=ppro_cprof,2026,128.31539980256665,102
/company/uc-santa-cruz?trk=ppro_cprof,2022,133.69337289812069,107
/company/newell-rubbermaid?trk=ppro_cprof,2017,125.39861179970252,102
/company/toyota?trk=ppro_cprof,2016,137.92113095238096,106
/company/hertz?trk=ppro_cprof,2013,121.96174863387978,97
/company/meijer?trk=ppro_cprof,2011,121.84932869219294,95
/company/centers-for-disease-control-and-prevention?trk=ppro_cprof,2007,146.03139013452915,117
/company/borders?trk=ppro_cprof,2006,122.53439680957129,100
/company/gold's-gym?trk=ppro_cprof,2004,135.48952095808383,109
/company/ing-nederland?trk=ppro_cprof,2003,127.61557663504743,102
/company/west-virginia-university?trk=ppro_cprof,2000,135.125,108
/company/national-semiconductor?trk=ppro_cprof,2000,139.3525,110
/company/florida-international-university?trk=ppro_cprof,1999,144.0680340170085,116
/company/university-of-notre-dame?trk=ppro_cprof,1998,128.33833833833833,101
/company/sony?trk=ppro_cprof,1996,146.6818637274549,115
/company/university-of-wisconsin-milwaukee?trk=ppro_cprof,1993,136.04465629703964,107
/company/prudential-california-realty_3?trk=ppro_cprof,1991,166.60321446509292,137
/company/ally-financial-inc?trk=ppro_cprof,1990,127.59195979899498,102
/company/cbs.com?trk=ppro_cprof,1984,142.4233870967742,114
/company/time-inc.?trk=ppro_cprof,1978,135.57178968655208,107
/company/indiana-university-bloomington?trk=ppro_cprof,1977,129.06170966110267,104
/company/novell?trk=ppro_cprof,1976,138.97267206477733,113
/company/arrow-electronics?trk=ppro_cprof,1974,129.403242147923,100
/company/harvard-medical-school?trk=ppro_cprof,1973,151.19918905220476,120
/company/discover-financial-services?trk=ppro_cprof,1970,124.07106598984771,99
/company/faa?trk=ppro_cprof,1970,143.99492385786803,111
/company/levi-strauss-&-co.?trk=ppro_cprof,1963,134.10392256749873,106
/company/alliedbarton-security-services?trk=ppro_cprof,1962,124.12538226299694,97
/company/full-sail-university?trk=ppro_cprof,1960,133.7892857142857,106
/company/genzyme?trk=ppro_cprof,1959,127.68810617662072,102
/company/upmc?trk=ppro_cprof,1956,127.33486707566462,101
/company/biogen-idec?trk=ppro_cprof,1953,131.6205837173579,106
/company/dish-network?trk=ppro_cprof,1951,125.01998974884674,100
/company/united-technologies?trk=ppro_cprof,1948,132.50102669404518,106
/company/rite-aid?trk=ppro_cprof,1947,122.06111967128916,96
/company/la-fitness?trk=ppro_cprof,1945,131.1969151670951,104
/company/transamerica?trk=ppro_cprof,1944,132.86779835390948,108
/company/bbdo?trk=ppro_cprof,1943,142.91147709727227,117
/company/university-of-alabama?trk=ppro_cprof,1941,130.88201957753736,103
/company/mcafee?trk=ppro_cprof,1941,140.1689850592478,113
/company/infor?trk=ppro_cprof,1939,136.17844249613202,109
/company/earthlink-business?trk=ppro_cprof,1938,134.99329205366357,108
/company/parker-hannifin?trk=ppro_cprof,1935,126.44961240310077,99
/company/lpl-financial?trk=ppro_cprof,1932,146.88250517598343,118
/company/university-of-texas-at-arlington?trk=ppro_cprof,1926,138.74870197300103,115
/company/wayne-state-university?trk=ppro_cprof,1924,138.5893970893971,112
/company/md-anderson-cancer-center?trk=ppro_cprof,1921,129.9390942217595,103
/company/ball-state-university?trk=ppro_cprof,1918,129.5464025026069,104
/company/menards?trk=ppro_cprof,1918,114.87904066736183,92
/company/tufts-university?trk=ppro_cprof,1914,133.78944618599792,105
/company/domino's-pizza?trk=ppro_cprof,1909,126.32949188056574,102
/company/us-foods?trk=ppro_cprof,1908,122.4496855345912,97
/company/atk?trk=ppro_cprof,1907,129.21499737808077,102
/company/pultegroup?trk=ppro_cprof,1903,127.3121387283237,98
/company/juniper-networks?trk=ppro_cprof,1899,143.5155344918378,118
/company/davita?trk=ppro_cprof,1896,125.83069620253164,104
/company/university-of-rochester?trk=ppro_cprof,1896,132.99894514767934,106
/company/insight?trk=ppro_cprof,1893,136.6798732171157,110
/company/digitas?trk=ppro_cprof,1892,137.88319238900635,111
/company/goodyear?trk=ppro_cprof,1889,129.0481736368449,103
/company/sports-authority?trk=ppro_cprof,1887,121.40805511393746,97
/company/worldcom?trk=ppro_cprof,1884,135.51645435244163,112
/company/blackrock?trk=ppro_cprof,1881,130.01594896331738,103
/company/resources-global-professionals?trk=ppro_cprof,1879,141.09100585417775,114
/company/long-&-foster-companies?trk=ppro_cprof,1873,149.95675387079552,125
/company/taco-bell?trk=ppro_cprof,1869,122.55430711610487,94
/company/bayer-healthcare?trk=ppro_cprof,1867,127.72576325656132,104
/company/allscripts?trk=ppro_cprof,1860,138.66881720430106,110
/company/toastmasters-international?trk=ppro_cprof,1860,161.01021505376343,131
/company/experian?trk=ppro_cprof,1858,133.0091496232508,109
/company/draftfcb?trk=ppro_cprof,1855,139.13369272237196,113
/company/beckman-coulter?trk=ppro_cprof,1855,133.088948787062,107
/company/cablevision?trk=ppro_cprof,1855,133.0231805929919,104
/company/weyerhaeuser?trk=ppro_cprof,1852,137.127969762419,109
/company/williams-sonoma-inc.?trk=ppro_cprof,1851,124.3063209076175,100
/company/coldwell-banker-real-estate?trk=ppro_cprof,1849,154.61654948620875,126
/company/emerson?trk=ppro_cprof,1848,130.9577922077922,105
/company/ubs-wealth-management?trk=ppro_cprof,1841,133.74524714828897,107
/company/bausch-&-lomb?trk=ppro_cprof,1839,135.23273518216422,108
/company/us-government?trk=ppro_cprof,1838,143.8726877040261,113
/company/health-net?trk=ppro_cprof,1836,127.19934640522875,98
/company/shell?trk=ppro_cprof,1835,139.04523160762943,110
/company/paramount-pictures?trk=ppro_cprof,1833,156.50081833060557,123
/company/gte?trk=ppro_cprof,1833,141.52373158756137,113
/company/ecolab?trk=ppro_cprof,1831,124.59257236482796,96
/company/ubs-investment-bank?trk=ppro_cprof,1829,130.42482230727174,105
/company/geico?trk=ppro_cprof,1826,125.23110624315444,100
/company/university-of-new-mexico?trk=ppro_cprof,1825,146.88219178082193,115
/company/san-francisco-state-university?trk=ppro_cprof,1816,142.6976872246696,114
/company/new-horizons-computer-learning-centers?trk=ppro_cprof,1813,142.72642029784888,112
/company/self-employed_1100?trk=ppro_cprof,1811,130.98509110988405,101
/company/auburn-university?trk=ppro_cprof,1810,128.47237569060775,100
/company/univision?trk=ppro_cprof,1809,145.25041459369817,115
/company/the-new-york-times?trk=ppro_cprof,1807,152.6579966795794,121
/company/kpmg?trk=ppro_cprof,1802,136.8379578246393,109
/company/state-of-michigan?trk=ppro_cprof,1802,135.7136514983352,107
/company/3com?trk=ppro_cprof,1802,140.95394006659268,116
/company/gateway?trk=ppro_cprof,1802,137.82907880133186,108
/company/providence-health-and-services?trk=ppro_cprof,1801,132.8189894503054,106
/company/yp?trk=ppro_cprof,1798,131.2130144605117,107
/company/university-of-texas-at-dallas?trk=ppro_cprof,1795,139.16935933147633,112
/company/nissan-motor-company?trk=ppro_cprof,1791,128.95812395309883,102
/company/technicolor?trk=ppro_cprof,1790,138.3245810055866,108
/company/university-of-california?trk=ppro_cprof,1789,137.72330911123532,110
/company/allergan?trk=ppro_cprof,1788,137.61017897091722,113
/company/alltelwireless-?trk=ppro_cprof,1786,123.06718924972004,98
/company/coach?trk=ppro_cprof,1786,123.17021276595744,98
/company/anthem?trk=ppro_cprof,1786,126.26931690929452,100
/company/appleone?trk=ppro_cprof,1778,136.7845894263217,110
/company/apollo-group?trk=ppro_cprof,1775,137.3554929577465,112
/company/lincoln-financial-group?trk=ppro_cprof,1772,133.1382618510158,104
/company/fedex-express?trk=ppro_cprof,1772,129.96670428893904,102
/company/windstream-communications?trk=ppro_cprof,1772,130.37020316027088,103
/company/iron-mountain?trk=ppro_cprof,1770,129.9502824858757,104
/company/discovery-communications?trk=ppro_cprof,1768,137.21153846153845,107
/company/the-estee-lauder-companies-inc-?trk=ppro_cprof,1768,129.14536199095022,103
/company/battelle?trk=ppro_cprof,1765,147.37507082152973,121
/company/university-of-utah?trk=ppro_cprof,1760,141.28863636363636,113
/company/virginia-commonwealth-university?trk=ppro_cprof,1757,136.9601593625498,110
/company/kaplan-university?trk=ppro_cprof,1757,131.915765509391,102
/company/northwest-airlines?trk=ppro_cprof,1756,128.73690205011388,100
/company/avery-dennison?trk=ppro_cprof,1755,129.2233618233618,104
/company/m&t-bank?trk=ppro_cprof,1753,125.26126640045636,102
/company/northern-illinois-university?trk=ppro_cprof,1751,133.76984580239863,107
/company/brigham-and-women's-hospital?trk=ppro_cprof,1750,133.10685714285714,103
/company/ppd?trk=ppro_cprof,1749,130.45283018867926,106
/company/blue-cross-and-blue-shield-of-illinois-new-mexico-oklahoma-&-texas?trk=ppro_cprof,1749,135.15666094911379,106
/company/the-university-of-akron?trk=ppro_cprof,1747,133.96336576989125,107
/company/mccann-?trk=ppro_cprof,1747,144.15684029765313,114
/company/hbo?trk=ppro_cprof,1746,153.63631156930126,118
/company/bni?trk=ppro_cprof,1745,157.20687679083093,124
/company/university-of-oklahoma?trk=ppro_cprof,1739,135.03277745830937,108
/company/aeropostale?trk=ppro_cprof,1734,115.51153402537486,93
/company/sgi?trk=ppro_cprof,1732,143.12124711316397,114
/company/geek-squad?trk=ppro_cprof,1730,124.59826589595376,99
/company/kansas-state-university?trk=ppro_cprof,1730,131.11156069364162,103
/company/towerswatson?trk=ppro_cprof,1730,129.63236994219653,104
/company/volt?trk=ppro_cprof,1725,138.60927536231884,112
/company/mastercard?trk=ppro_cprof,1723,133.79048171793383,105
/company/mutual-of-omaha?trk=ppro_cprof,1722,136.1341463414634,108
/company/mci-corporation?trk=ppro_cprof,1719,137.01163467132054,110
/company/cal-poly-state-university?trk=ppro_cprof,1716,127.11013986013987,99
/company/central-michigan-university?trk=ppro_cprof,1715,133.134110787172,105
/company/coventry-health-care?trk=ppro_cprof,1714,128.8022170361727,102
/company/gartner?trk=ppro_cprof,1714,147.78879813302217,124
/company/hospira?trk=ppro_cprof,1713,132.53648569760654,105
/company/mckesson-provider-technologies?trk=ppro_cprof,1704,134.44894366197184,109
/company/stony-brook-university?trk=ppro_cprof,1701,138.16166960611406,109
/company/frontier-communications?trk=ppro_cprof,1699,134.6597998822837,107
/company/university-of-denver?trk=ppro_cprof,1698,137.4964664310954,110
/company/bankers-life-and-casualty?trk=ppro_cprof,1697,131.76016499705364,103
/company/marquette-university?trk=ppro_cprof,1696,129.20813679245282,103
/company/fema?trk=ppro_cprof,1696,149.0436320754717,116
/company/fdic?trk=ppro_cprof,1690,140.65680473372782,114
/company/bear-stearns?trk=ppro_cprof,1690,136.79704142011835,108
/company/bdo-usa-llp?trk=ppro_cprof,1688,134.50710900473933,110
/company/yellowbook?trk=ppro_cprof,1682,125.72354340071344,101
/company/safeco-insurance?trk=ppro_cprof,1682,129.17300832342448,102
/company/genworth-financial_2?trk=ppro_cprof,1677,129.33631484794276,104
/company/universal-studios?trk=ppro_cprof,1677,144.73345259391772,114
/company/unc-charlotte?trk=ppro_cprof,1676,130.79116945107398,103
/company/konica-minolta-business-solutions-u.s.a.-inc.?trk=ppro_cprof,1674,131.43488649940264,106
/company/pier-1-imports?trk=ppro_cprof,1672,119.14892344497608,97
/company/daimlerchrysler?trk=ppro_cprof,1670,134.9502994011976,109
/company/leo-burnett?trk=ppro_cprof,1665,143.96636636636637,115
/company/icf-international?trk=ppro_cprof,1663,143.98256163559833,116
/company/scholastic?trk=ppro_cprof,1663,133.44978953698137,103
/company/takeda-pharmaceuticals?trk=ppro_cprof,1662,120.93622141997594,98
/company/loyola-university-chicago?trk=ppro_cprof,1662,135.2641395908544,107
/company/hughes-aircraft-company?trk=ppro_cprof,1659,144.61422543701025,113
/company/brown-university?trk=ppro_cprof,1659,136.54370102471367,108
/company/saint-louis-university?trk=ppro_cprof,1659,137.32007233273055,107
/company/bcbg-max-azria?trk=ppro_cprof,1658,118.01266586248492,94
/company/pacific-sunwear?trk=ppro_cprof,1657,116.83886541943271,92
/company/usaid?trk=ppro_cprof,1652,150.84261501210653,122
/company/corning-incorporated?trk=ppro_cprof,1651,134.25741974560873,107
/company/aquent?trk=ppro_cprof,1651,140.45608721986676,114
/company/broadcom?trk=ppro_cprof,1649,132.51425106124924,107
/company/southern-illinois-university?trk=ppro_cprof,1648,131.93325242718447,103
/company/kaplan?trk=ppro_cprof,1644,131.76216545012164,104
/company/sage-software?trk=ppro_cprof,1644,134.18917274939173,107
/company/uab?trk=ppro_cprof,1642,135.2904993909866,108
/company/cdi-corporation?trk=ppro_cprof,1642,138.90803897685748,115
/company/covance?trk=ppro_cprof,1641,131.1139549055454,105
/company/state-of-minnesota?trk=ppro_cprof,1637,134.85766646304214,106
/company/insight-global?trk=ppro_cprof,1637,164.2602321319487,127
/company/princeton-university?trk=ppro_cprof,1637,138.89676237018938,106
/company/mitre?trk=ppro_cprof,1634,140.6578947368421,113
/company/ppg-industries?trk=ppro_cprof,1631,125.18884120171674,99
/company/dex-one?trk=ppro_cprof,1631,133.26548129981606,108
/company/parsons-brinckerhoff?trk=ppro_cprof,1631,144.02452483139177,116
/company/young-&-rubicam?trk=ppro_cprof,1631,148.74862047823422,117
/company/turner-construction-company?trk=ppro_cprof,1631,141.40159411404048,109
/company/ruby-tuesday?trk=ppro_cprof,1627,119.00122925629994,94
/company/fedex-services?trk=ppro_cprof,1625,131.69846153846154,104
/company/anthropologie?trk=ppro_cprof,1624,115.76600985221675,94
/company/ctg?trk=ppro_cprof,1621,141.0512029611351,111
/company/sutter-health?trk=ppro_cprof,1620,139.9820987654321,109
/company/parexel?trk=ppro_cprof,1617,135.18923933209646,108
/company/deluxe-corporation?trk=ppro_cprof,1616,128.03465346534654,104
/company/ptc?trk=ppro_cprof,1615,136.48544891640867,109
/company/western-michigan-university?trk=ppro_cprof,1612,130.5,104
/company/bowling-green-state-university?trk=ppro_cprof,1610,129.4832298136646,103
/company/saatchi-&-saatchi?trk=ppro_cprof,1607,150.45364032358432,120
/company/us-department-of-health-and-human-services?trk=ppro_cprof,1607,145.62538892345987,117
/company/bbva-compass?trk=ppro_cprof,1606,124.9016189290162,98
/company/university-of-nebraska-lincoln?trk=ppro_cprof,1606,137.55790784557908,110
/company/columbia-college-chicago?trk=ppro_cprof,1605,143.4828660436137,116
/company/fleishman-hillard?trk=ppro_cprof,1603,145.0923268870867,115
/company/etrade?trk=ppro_cprof,1603,132.14971927635682,104
/company/sysco?trk=ppro_cprof,1601,123.6058713304185,98
/company/trane?trk=ppro_cprof,1601,126.35477826358526,102
/company/c-h-robinson?trk=ppro_cprof,1599,124.51532207629769,98
/company/chubb.insurance?trk=ppro_cprof,1597,131.72824045084533,106
/company/modis?trk=ppro_cprof,1594,141.5276035131744,115
/company/habitat-for-humanity-international?trk=ppro_cprof,1593,131.5128688010044,104
/company/acxiom?trk=ppro_cprof,1587,135.69124133585382,110
/company/alcon?trk=ppro_cprof,1584,133.3901515151515,103
/company/james-madison-university?trk=ppro_cprof,1584,123.01767676767676,99
/company/four-seasons-hotels-and-resorts?trk=ppro_cprof,1579,131.86447118429385,103
/company/bally-total-fitness?trk=ppro_cprof,1579,137.96706776440786,109
/company/kindred-healthcare?trk=ppro_cprof,1578,128.74968314321927,102
/company/inventiv-health?trk=ppro_cprof,1576,123.98921319796955,100
/company/university-of-toledo?trk=ppro_cprof,1576,132.98794416243655,103
/company/bank-of-the-west?trk=ppro_cprof,1575,124.63936507936508,100
/company/fedex-ground?trk=ppro_cprof,1575,121.68698412698413,96
/company/bayer?trk=ppro_cprof,1575,134.60063492063492,107
/company/texas-state-university?trk=ppro_cprof,1574,133.3005082592122,107
/company/savannah-college-of-art-and-design?trk=ppro_cprof,1574,133.74841168996187,104
/company/supermedia-llc?trk=ppro_cprof,1571,132.3971992361553,109
/company/abc-news?trk=ppro_cprof,1571,156.86696371737747,126
/company/usgs-geological-survey-usgs?trk=ppro_cprof,1570,138.54585987261146,111
/company/fresenius-medical-care?trk=ppro_cprof,1568,130.07780612244898,102
/company/los-alamos-national-laboratory?trk=ppro_cprof,1567,146.95788130185068,119
/company/state-street-bank?trk=ppro_cprof,1567,126.00701978302489,97
/company/citrix?trk=ppro_cprof,1565,138.9808306709265,112
/company/buffalo-wild-wings?trk=ppro_cprof,1562,120.49487836107555,96
/company/comsys?trk=ppro_cprof,1562,144.0460947503201,117
/company/city-university-of-new-york?trk=ppro_cprof,1560,147.30769230769232,119
/company/cb&i?trk=ppro_cprof,1559,135.12443874278384,103
/company/panasonic?trk=ppro_cprof,1559,136.02245028864658,108
/company/amdocs?trk=ppro_cprof,1557,143.40205523442518,116
/company/wells-fargo-bank?trk=ppro_cprof,1555,120.19421221864951,98
/company/harley-davidson-motor-company?trk=ppro_cprof,1553,135.8783000643915,108
/company/pre-paid-legal-services-inc.?trk=ppro_cprof,1553,151.96844816484224,118
/company/ohsu?trk=ppro_cprof,1552,135.05734536082474,109
/company/ingram-micro?trk=ppro_cprof,1552,136.38659793814432,110
/company/tektronix?trk=ppro_cprof,1551,137.85106382978722,112
/company/brocade?trk=ppro_cprof,1546,143.8719275549806,115
/company/sovereign-bank?trk=ppro_cprof,1539,121.25406107862248,98
/company/luxottica-retail?trk=ppro_cprof,1535,123.34332247557003,98
/company/patch.com?trk=ppro_cprof,1535,137.15895765472314,110
/company/drs-defense-solutions-llc?trk=ppro_cprof,1534,139.14471968709256,113
/company/byu-idaho?trk=ppro_cprof,1533,118.11545988258317,96
/company/bose-corporation?trk=ppro_cprof,1532,127.91644908616188,101
/company/belk?trk=ppro_cprof,1532,122.22062663185379,95
/company/heb?trk=ppro_cprof,1531,121.55127367733508,97
/company/verisign?trk=ppro_cprof,1529,142.53826030085023,115
/company/lear-corporation?trk=ppro_cprof,1528,127.1217277486911,103
/company/mervyns?trk=ppro_cprof,1528,122.125,98
/company/rei?trk=ppro_cprof,1527,126.86836935166994,102
/company/fda?trk=ppro_cprof,1527,142.8159790438769,115
/company/right-management?trk=ppro_cprof,1523,146.15889691398556,114
/company/monster?trk=ppro_cprof,1523,135.59093893630993,109
/company/mattel?trk=ppro_cprof,1522,140.17279894875165,113
/company/cbs-news?trk=ppro_cprof,1521,155.4930966469428,119
/company/navigant?trk=ppro_cprof,1521,142.77514792899407,118
/company/labcorp?trk=ppro_cprof,1520,122.61447368421052,96
/company/clearwire?trk=ppro_cprof,1516,131.8179419525066,106
/company/associated-press?trk=ppro_cprof,1515,146.02310231023102,116
/company/visteon?trk=ppro_cprof,1515,126.8930693069307,102
/company/havasworldwide?trk=ppro_cprof,1512,147.8373015873016,119
/company/ashford-university?trk=ppro_cprof,1511,139.69755129053607,114
/company/university-of-arkansas?trk=ppro_cprof,1509,133.00463883366467,106
/company/hntb?trk=ppro_cprof,1507,137.87989382879894,113
/company/healthsouth?trk=ppro_cprof,1505,127.79269102990033,102
/company/dow-jones?trk=ppro_cprof,1499,135.73515677118078,109
/company/continental-airlines?trk=ppro_cprof,1497,136.35470941883767,107
/company/eddie-bauer?trk=ppro_cprof,1496,125.29679144385027,100
/company/ddb?trk=ppro_cprof,1496,147.70521390374333,120
/company/ssa?trk=ppro_cprof,1495,134.7591973244147,104
/company/tgi-fridays?trk=ppro_cprof,1494,124.8045515394913,99
/company/southwest-airlines?trk=ppro_cprof,1494,133.82797858099062,107
/company/tj-maxx?trk=ppro_cprof,1492,113.80093833780161,89
/company/windermere-real-estate?trk=ppro_cprof,1492,164.04423592493296,136
/company/university-of-california-riverside?trk=ppro_cprof,1492,138.03485254691688,112
/company/sas?trk=ppro_cprof,1490,136.8020134228188,113
/company/kla-tencor?trk=ppro_cprof,1488,138.1122311827957,111
/company/expedia?trk=ppro_cprof,1488,137.41129032258064,111
/company/wegmans-food-markets?trk=ppro_cprof,1487,118.82447881640887,93
/company/diebold?trk=ppro_cprof,1486,131.8378196500673,108
/company/harte-hanks-inc?trk=ppro_cprof,1486,134.00605652759086,106
/company/tulane-university?trk=ppro_cprof,1485,137.42087542087543,107
/company/boston-college?trk=ppro_cprof,1478,129.70433017591338,100
/company/cadence-design-systems?trk=ppro_cprof,1478,141.71786197564276,115
/company/university-of-louisville?trk=ppro_cprof,1477,139.46987136086662,109
/company/linkedin?trk=ppro_cprof,1474,135.6953867028494,116
/company/zurich-north-america?trk=ppro_cprof,1470,122.10952380952381,97
/company/the-guardian-life-insurance-company-of-america_164085?trk=ppro_cprof,1470,142.34625850340137,115
/company/cbeyond?trk=ppro_cprof,1469,132.86044928522804,107
/company/comcast-spotlight?trk=ppro_cprof,1468,123.75272479564033,99
/company/sapient?trk=ppro_cprof,1468,149.19959128065395,121
/company/robert-bosch-north-america?trk=ppro_cprof,1467,126.27948193592366,99
/company/grand-valley-state-university?trk=ppro_cprof,1466,126.07708049113234,102
/company/american-express-financial-advisors?trk=ppro_cprof,1466,137.33356070941338,113
/company/putnam-investments?trk=ppro_cprof,1465,123.43617747440273,99
/company/amec?trk=ppro_cprof,1462,145.60807113543092,119
/company/equifax?trk=ppro_cprof,1460,135.22876712328767,106
/company/boston-children's-hospital?trk=ppro_cprof,1459,130.21178889650446,104
/company/santa-clara-university?trk=ppro_cprof,1458,133.16666666666666,103
/company/memorial-sloan-kettering-cancer-center?trk=ppro_cprof,1458,135.82510288065845,106
/company/equinox?trk=ppro_cprof,1455,147.68384879725085,119
/company/kiewit?trk=ppro_cprof,1454,138.6726272352132,108
/company/university-of-new-hampshire?trk=ppro_cprof,1452,132.97451790633608,106
/company/u.s.-department-of-energy?trk=ppro_cprof,1452,149.65495867768595,118
/company/ameritech?trk=ppro_cprof,1452,133.82231404958677,108
/company/owens-corning?trk=ppro_cprof,1450,128.58068965517242,101
/company/sabre-holdings?trk=ppro_cprof,1447,141.20248790601244,116
/company/volt-technical-resources?trk=ppro_cprof,1443,140.95841995841997,116
/company/sybase?trk=ppro_cprof,1440,144.93680555555557,116
/company/tcf-bank?trk=ppro_cprof,1436,117.1016713091922,93
/company/weber-shandwick?trk=ppro_cprof,1432,150.38198324022346,124
/company/advantage-sales-&-marketing?trk=ppro_cprof,1431,125.06918238993711,99
/company/colgate-palmolive?trk=ppro_cprof,1430,134.40699300699302,110
/company/stanley-black-decker-inc.?trk=ppro_cprof,1429,124.29181245626312,102
/company/university-of-san-francisco?trk=ppro_cprof,1428,136.58683473389357,109
/company/keller-williams-real-estate?trk=ppro_cprof,1428,149.0560224089636,121
/company/colliers-international?trk=ppro_cprof,1427,144.81359495444988,119
/company/td-ameritrade?trk=ppro_cprof,1427,129.87245970567625,99
/company/campbell-soup-company?trk=ppro_cprof,1425,128.72491228070174,101
/company/university-of-dayton?trk=ppro_cprof,1419,129.86398872445383,101
/company/royal-caribbean-international?trk=ppro_cprof,1418,138.00493653032441,110
/company/advance-auto-parts?trk=ppro_cprof,1417,121.11926605504587,96
/company/7-eleven?trk=ppro_cprof,1414,125.3005657708628,99
/company/kaplan-test-prep-and-admissions?trk=ppro_cprof,1414,127.91654879773692,102
/company/petco-animal-supplies-inc.?trk=ppro_cprof,1414,126.42503536067892,100
/company/cengage-learning?trk=ppro_cprof,1412,126.45113314447592,98
/company/lennar?trk=ppro_cprof,1412,134.3611898016997,108
/company/ross-stores?trk=ppro_cprof,1412,118.76699716713881,94
/company/grubb-&-ellis?trk=ppro_cprof,1409,143.89709013484742,118
/company/u.s.-department-of-commerce?trk=ppro_cprof,1406,145.6443812233286,115
/company/university-of-massachusetts?trk=ppro_cprof,1405,132.23843416370107,105
/company/blue-shield-of-california?trk=ppro_cprof,1405,137.81067615658364,110
/company/tyco?trk=ppro_cprof,1403,133.4632929436921,108
/company/axa-equitable?trk=ppro_cprof,1401,133.23911491791577,106
/company/technisource?trk=ppro_cprof,1400,140.85285714285715,114
/company/dollar-general?trk=ppro_cprof,1400,115.61071428571428,91
/company/thrivent-financial-for-lutherans?trk=ppro_cprof,1400,130.13857142857142,102
/company/state-of-washington?trk=ppro_cprof,1399,143.48463187991422,115
/company/kpn-corporate-market?trk=ppro_cprof,1396,145.40472779369628,118
/company/liberty-tax-service?trk=ppro_cprof,1396,123.28151862464183,101
/company/carefusion?trk=ppro_cprof,1395,133.0831541218638,111
/company/university-of-pennsylvania-health-system?trk=ppro_cprof,1394,129.53012912482066,102
/company/illinois-institute-of-technology?trk=ppro_cprof,1391,141.60028756290438,111
/company/standard-&-poor's?trk=ppro_cprof,1390,138.73309352517987,109
/company/sikorsky-aircraft?trk=ppro_cprof,1390,130.77625899280577,104
/company/the-mount-sinai-hospital?trk=ppro_cprof,1389,137.42620590352772,110
/company/bi-lo-winn-dixie-stores?trk=ppro_cprof,1389,123.06479481641469,97
/company/firemans-fund-insurance-company?trk=ppro_cprof,1389,129.23110151187905,103
/company/disneyland-resort?trk=ppro_cprof,1384,131.9479768786127,103
/company/tellabs?trk=ppro_cprof,1383,136.2877801879971,110
/company/university-of-vermont?trk=ppro_cprof,1383,130.59869848156183,106
/company/embry-riddle-aeronautical-university?trk=ppro_cprof,1380,147.28550724637682,118
/company/cracker-barrel?trk=ppro_cprof,1380,115.92028985507247,92
/company/fastenal?trk=ppro_cprof,1378,117.80696661828738,95
/company/freelance-graphic-design-services?trk=ppro_cprof,1377,126.51125635439361,100
/company/ups-supply-chain-solutions?trk=ppro_cprof,1377,124.76906318082789,97
/company/cit?trk=ppro_cprof,1376,128.21511627906978,100
/company/unum?trk=ppro_cprof,1376,128.66933139534885,106
/company/career-education-corporation?trk=ppro_cprof,1376,130.49127906976744,104
/company/massage-envy?trk=ppro_cprof,1375,123.24581818181818,98
/company/utah-state-university?trk=ppro_cprof,1375,134.04872727272726,108
/company/illinois-state-university?trk=ppro_cprof,1375,125.0450909090909,97
/company/willis?trk=ppro_cprof,1375,131.08290909090908,105
/company/kraft-foods-group?trk=ppro_cprof,1374,132.36026200873363,105
/company/rensselaer-polytechnic-institute?trk=ppro_cprof,1373,132.9497450837582,103
/company/california-state-university-long-beach?trk=ppro_cprof,1372,141.1326530612245,109
/company/serco?trk=ppro_cprof,1371,138.1159737417943,112
/company/va-medical-center?trk=ppro_cprof,1370,134.56496350364964,110
/company/gensler?trk=ppro_cprof,1370,146.26423357664234,119
/company/avanade?trk=ppro_cprof,1366,141.69765739385065,116
/company/east-carolina-university?trk=ppro_cprof,1363,131.97725605282466,106
/company/blackberry?trk=ppro_cprof,1363,132.74101247248717,111
/company/vanderbilt-university-medical-center?trk=ppro_cprof,1361,132.46142542248347,104
/company/american-greetings?trk=ppro_cprof,1361,122.96326230712711,97
/company/live-nation?trk=ppro_cprof,1360,135.85588235294117,108
/company/fifth-&-pacific-companies-inc-?trk=ppro_cprof,1359,123.41574687270051,97
/company/lexmark?trk=ppro_cprof,1359,132.6887417218543,106
/company/universal-music-group?trk=ppro_cprof,1359,140.90507726269317,108
/company/teletech?trk=ppro_cprof,1358,132.64064801178202,106
/company/state-of-indiana?trk=ppro_cprof,1357,135.27339719970524,106
/company/guitar-center?trk=ppro_cprof,1355,138.5409594095941,108
/company/red-robin?trk=ppro_cprof,1355,118.7579335793358,94
/company/vail-resorts?trk=ppro_cprof,1354,127.78434268833087,103
/company/the-clorox-company?trk=ppro_cprof,1354,129.45642540620383,101
/company/continental?trk=ppro_cprof,1351,125.65284974093264,100
/company/autozone?trk=ppro_cprof,1350,121.31037037037036,96
/company/edmc?trk=ppro_cprof,1350,126.89111111111112,101
/company/florida-blue?trk=ppro_cprof,1349,128.94736842105263,102
/company/jet-propulsion-laboratory?trk=ppro_cprof,1348,144.91988130563797,118
/company/quicken-loans?trk=ppro_cprof,1348,126.53189910979229,101
/company/hamilton-sundstrand?trk=ppro_cprof,1348,132.15727002967358,104
/company/mary-kay-cosmetics_2?trk=ppro_cprof,1346,128.82392273402675,103
/company/bell-helicopter?trk=ppro_cprof,1345,140.01189591078068,112
/company/red-bull?trk=ppro_cprof,1342,124.20044709388972,99
/company/fpl?trk=ppro_cprof,1341,139.63907531692766,112
/company/fleet-bank?trk=ppro_cprof,1339,128.47423450336072,98
/company/academy-of-art-university?trk=ppro_cprof,1337,137.77561705310396,112
/company/careerbuilder.com?trk=ppro_cprof,1335,130.62771535580524,108
/company/noaa?trk=ppro_cprof,1335,142.03370786516854,115
/company/west-corporation?trk=ppro_cprof,1334,129.17016491754123,101
/company/baylor-college-of-medicine?trk=ppro_cprof,1334,140.49100449775113,109
/company/currently-unemployed?trk=ppro_cprof,1330,127.29398496240601,99
/company/westwood-college?trk=ppro_cprof,1329,133.42287434161022,104
/company/indymac-bank?trk=ppro_cprof,1329,129.02257336343115,101
/company/tetra-tech?trk=ppro_cprof,1328,150.84337349397592,125
/company/weatherford?trk=ppro_cprof,1328,128.7718373493976,102
/company/the-university-of-texas-at-san-antonio?trk=ppro_cprof,1326,141.64102564102564,113
/company/wolters-kluwer?trk=ppro_cprof,1324,136.7953172205438,110
/company/universityofstthomas?trk=ppro_cprof,1321,128.99394398183193,103
/company/lawrence-livermore-national-laboratory?trk=ppro_cprof,1321,140.04012112036335,113
/company/dairy-queen?trk=ppro_cprof,1318,112.98103186646433,91
/company/samsung?trk=ppro_cprof,1315,136.75133079847907,107
/company/the-reynolds-and-reynolds-company?trk=ppro_cprof,1314,125.90106544901066,100
/company/disney-abc-television-group?trk=ppro_cprof,1313,147.07539984767706,116
/company/teradyne?trk=ppro_cprof,1309,134.4698242933537,108
/company/realty-executives?trk=ppro_cprof,1307,157.88905891354247,130
/company/sirius-xm-radio-inc.?trk=ppro_cprof,1305,145.783908045977,113
/company/marcus-&-millichap?trk=ppro_cprof,1303,150.63699155794322,126
/company/gsa?trk=ppro_cprof,1302,136.8847926267281,112
/company/corinthian-colleges?trk=ppro_cprof,1300,139.25076923076924,112
/company/finish-line?trk=ppro_cprof,1298,114.52542372881356,94
/company/t.-rowe-price?trk=ppro_cprof,1297,125.54433307632999,99
/company/bankers-trust?trk=ppro_cprof,1296,140.6520061728395,109
/company/air-products?trk=ppro_cprof,1296,133.46296296296296,107
/company/aarp?trk=ppro_cprof,1295,139.24401544401545,111
/company/the-leukemia-&-lymphoma-society?trk=ppro_cprof,1295,132.70810810810812,100
/company/fbi?trk=ppro_cprof,1294,152.51391035548687,119
/company/california-state-university-fullerton?trk=ppro_cprof,1293,142.82289249806652,112
/company/lawrence-berkeley-national-laboratory?trk=ppro_cprof,1291,139.58094500387296,115
/company/sephora?trk=ppro_cprof,1291,126.70333075135554,101
/company/american-electric-power?trk=ppro_cprof,1288,138.29658385093168,107
/company/goodrich?trk=ppro_cprof,1282,135.46801872074883,108
/company/medco?trk=ppro_cprof,1282,128.50936037441497,106
/company/quantum?trk=ppro_cprof,1280,135.30859375,108
/company/schneider-national?trk=ppro_cprof,1278,123.98278560250391,96
/company/arbonne-international?trk=ppro_cprof,1277,141.5317149569303,115
/company/beth-israel-deaconess-medical-center?trk=ppro_cprof,1276,125.50548589341693,96
/company/advocare?trk=ppro_cprof,1274,137.95290423861852,112
/company/national-oilwell-varco?trk=ppro_cprof,1272,126.39779874213836,102
/company/johns-hopkins-hospital?trk=ppro_cprof,1271,131.6498819826908,102
/company/sandia-national-laboratories?trk=ppro_cprof,1271,136.47836349331234,108
/company/sogeti?trk=ppro_cprof,1271,140.76632572777342,115
/company/blue-cross-blue-shield-of-michigan?trk=ppro_cprof,1271,133.3548387096774,104
/company/jabil?trk=ppro_cprof,1271,135.71675845790716,107
/company/u.s.-department-of-labor?trk=ppro_cprof,1270,150.58267716535434,119
/company/hasbro?trk=ppro_cprof,1269,133.50433412135538,107
/company/worleyparsons?trk=ppro_cprof,1268,144.6916403785489,119
/company/amway?trk=ppro_cprof,1268,133.06940063091483,107
/company/cedars-sinai-medical-center?trk=ppro_cprof,1268,146.38801261829653,115
/company/franklin-templeton-investments?trk=ppro_cprof,1266,132.51816745655609,105
/company/banner-health?trk=ppro_cprof,1265,126.3509881422925,101
/company/towers-watson_3965?trk=ppro_cprof,1263,141.48376880443388,116
/company/roche-diagnostics?trk=ppro_cprof,1263,125.75455265241489,101
/company/hess-corporation?trk=ppro_cprof,1263,128.6959619952494,104
/company/jackson-hewitt?trk=ppro_cprof,1262,119.5863708399366,93
/company/wake-forest-university?trk=ppro_cprof,1262,130.6608557844691,105
/company/veterans-health-administration?trk=ppro_cprof,1261,133.5297383029342,107
/company/stantec?trk=ppro_cprof,1259,142.50039714058778,116
/company/constellation-energy?trk=ppro_cprof,1259,135.15726767275615,111
/company/tenet-healthcare?trk=ppro_cprof,1258,133.80445151033388,103
/company/centex-homes?trk=ppro_cprof,1254,130.65151515151516,106
/company/carmax?trk=ppro_cprof,1254,121.59409888357257,96
/company/the-hanover-insurance-group?trk=ppro_cprof,1254,120.30940988835725,96
/company/western-washington-university?trk=ppro_cprof,1254,130.4170653907496,105
/company/the-limited?trk=ppro_cprof,1251,119.75139888089528,96
/company/smithsonian-institution?trk=ppro_cprof,1250,136.7664,104
/company/los-angeles-times?trk=ppro_cprof,1250,144.548,114
/company/urban-outfitters?trk=ppro_cprof,1247,118.89494787489976,97
/company/webmd?trk=ppro_cprof,1246,130.90449438202248,103
/company/new-york-presbyterian-hospital?trk=ppro_cprof,1244,138.33842443729904,109
/company/kohler-co.?trk=ppro_cprof,1244,126.0152733118971,98
/company/syntel?trk=ppro_cprof,1243,167.17940466613032,140
/company/novonordisk?trk=ppro_cprof,1243,128.7691069991955,104
/company/general-dynamics-advanced-information-systems?trk=ppro_cprof,1242,134.097423510467,108
/company/sunrise-senior-living?trk=ppro_cprof,1241,125.47219983883964,96
/company/the-washington-post?trk=ppro_cprof,1241,144.69782433521354,115
/company/meadwestvaco?trk=ppro_cprof,1239,127.09927360774819,101
/company/burlington-coat-factory?trk=ppro_cprof,1237,119.4324979789814,93
/company/nickelodeon?trk=ppro_cprof,1236,147.76294498381878,116
/company/zale?trk=ppro_cprof,1236,121.16504854368932,95
/company/rolls-royce?trk=ppro_cprof,1234,130.30388978930307,107
/company/entergy?trk=ppro_cprof,1234,131.8776337115073,102
/company/coca-cola-refreshments?trk=ppro_cprof,1231,116.69212022745735,93
/company/medimmune?trk=ppro_cprof,1230,134.59024390243903,107
/company/hcr-manorcare?trk=ppro_cprof,1229,122.53702196908056,99
/company/valassis?trk=ppro_cprof,1228,129.30048859934854,101
/company/us-treasury?trk=ppro_cprof,1228,143.73045602605862,117
/company/university-of-rhode-island?trk=ppro_cprof,1227,131.53708231458842,102
/company/walmart.com?trk=ppro_cprof,1227,133.3520782396088,109
/company/lenovo?trk=ppro_cprof,1226,133.28711256117455,105
/company/old-dominion-university?trk=ppro_cprof,1226,141.3768352365416,111
/company/strayer-university?trk=ppro_cprof,1226,141.6541598694943,111
/company/ivy-tech-community-college?trk=ppro_cprof,1225,132.61959183673468,103
/company/rice-university?trk=ppro_cprof,1222,135.5671031096563,109
/company/pomeroy?trk=ppro_cprof,1221,133.65765765765767,110
/company/carolinas-healthcare-system?trk=ppro_cprof,1221,126.005733005733,97
/company/the-shaw-group?trk=ppro_cprof,1220,136.66229508196722,109
/company/the-childrens-hospital-of-philadelphia?trk=ppro_cprof,1220,130.3672131147541,101
/company/sanmina?trk=ppro_cprof,1219,131.7563576702215,104
/company/state-of-california?trk=ppro_cprof,1218,145.06732348111657,118
/company/ford-motor-credit-company?trk=ppro_cprof,1218,121.50328407224958,96
/company/hyatt-regency?trk=ppro_cprof,1216,129.3421052631579,102
/company/rti-international?trk=ppro_cprof,1215,139.4954732510288,114
/company/teva-pharmaceuticals?trk=ppro_cprof,1215,129.9662551440329,106
/company/dana-holding-corporation?trk=ppro_cprof,1215,127.89053497942386,100
/company/philip-morris-international?trk=ppro_cprof,1215,129.8625514403292,104
/company/staples-australia-pty-limited?trk=ppro_cprof,1215,127.10041152263375,101
/company/apria-healthcare?trk=ppro_cprof,1215,120.19588477366256,99
/company/first-union-national-bank?trk=ppro_cprof,1215,125.92674897119342,103
/company/jdsu?trk=ppro_cprof,1213,140.7007419620775,113
/company/abbvie?trk=ppro_cprof,1212,126.3069306930693,104
/company/optuminsight_1?trk=ppro_cprof,1211,133.1081750619323,109
/company/binghamton-university?trk=ppro_cprof,1210,132.11404958677687,107
/company/sitel?trk=ppro_cprof,1209,129.8966087675765,104
/company/commonwealth-of-massachusetts?trk=ppro_cprof,1206,135.78772802653398,105
/company/northern-arizona-university?trk=ppro_cprof,1206,132.56633499170812,105
/company/avis-budget-group?trk=ppro_cprof,1205,125.32448132780083,100
/company/university-of-colorado?trk=ppro_cprof,1205,139.20746887966806,109
/company/western-union?trk=ppro_cprof,1204,140.17275747508305,112
/company/self-employed_1101?trk=ppro_cprof,1204,129.5,101
/company/eastern-michigan-university?trk=ppro_cprof,1204,136.3654485049834,108
/company/johnson-&-wales-university?trk=ppro_cprof,1202,133.09151414309486,102
/company/clear-channel?trk=ppro_cprof,1202,143.35274542429283,111
/company/family-dollar?trk=ppro_cprof,1201,122.63280599500416,96
/company/crowe-horwath-llp?trk=ppro_cprof,1201,132.26810990840966,109
/company/raytheon-missile-systems?trk=ppro_cprof,1201,139.5495420482931,113
/company/the-children's-place?trk=ppro_cprof,1199,115.1768140116764,92
/company/telcordia-technologies?trk=ppro_cprof,1198,142.24123539232053,112
/company/cricket-communications?trk=ppro_cprof,1197,133.48370927318297,109
/company/fairfax-county-public-schools?trk=ppro_cprof,1194,129.91876046901172,103
/company/nationstar-mortgage?trk=ppro_cprof,1194,128.785594639866,102
/company/the-nature-conservancy?trk=ppro_cprof,1193,136.9279128248114,108
/company/acn?trk=ppro_cprof,1193,142.2615255658005,112
/company/ulta?trk=ppro_cprof,1192,120.88926174496645,96
/company/mosaic-sales-solutions?trk=ppro_cprof,1192,135.92869127516778,108
/company/argonne-national-laboratory?trk=ppro_cprof,1191,133.5037783375315,107
/company/food-lion?trk=ppro_cprof,1191,121.80604534005037,96
/company/tiffany-and-co?trk=ppro_cprof,1190,125.48319327731092,97
/company/western-digital?trk=ppro_cprof,1189,139.58284272497897,108
/company/brandeis-university?trk=ppro_cprof,1185,133.00759493670887,106
/company/roche-pharmaceuticals?trk=ppro_cprof,1185,127.84472573839662,103
/company/the-cheesecake-factory?trk=ppro_cprof,1185,123.51392405063291,98
/company/burns-&-mcdonnell?trk=ppro_cprof,1182,153.9357021996616,122
/company/entercom?trk=ppro_cprof,1182,136.8155668358714,107
/company/emerson-process-management?trk=ppro_cprof,1181,132.94834885690094,105
/company/california-state-university-chico?trk=ppro_cprof,1181,132.93141405588483,110
/company/pearson-plc?trk=ppro_cprof,1180,134.97881355932202,109
/company/diageo?trk=ppro_cprof,1179,125.2239185750636,99
/company/city-of-los-angeles?trk=ppro_cprof,1179,152.35538592027143,120
/company/embassy-suites?trk=ppro_cprof,1179,126.56488549618321,102
/company/ace-hardware?trk=ppro_cprof,1179,125.57251908396947,102
/company/randstad-technologies-us-?trk=ppro_cprof,1178,135.98981324278438,109
/company/lord-&-taylor?trk=ppro_cprof,1177,122.58878504672897,95
/company/talbots?trk=ppro_cprof,1176,116.38180272108843,93
/company/southern-company?trk=ppro_cprof,1175,136.52170212765958,107
/company/crossmark?trk=ppro_cprof,1175,125.52765957446809,99
/company/wyndham-vacation-ownership?trk=ppro_cprof,1175,128.8391489361702,105
/company/primerica?trk=ppro_cprof,1170,130.41367521367522,101
/company/bt?trk=ppro_cprof,1169,140.66467065868264,115
/company/fordham-university?trk=ppro_cprof,1169,141.39606501283149,111
/company/siemens-energy?trk=ppro_cprof,1169,130.4781864841745,104
/company/cameron?trk=ppro_cprof,1169,126.33618477331052,103
/company/kronos?trk=ppro_cprof,1168,132.5111301369863,106
/company/aurora-health-care?trk=ppro_cprof,1168,129.486301369863,101
/company/concentra?trk=ppro_cprof,1168,128.6318493150685,106
/company/nyu-medical-center?trk=ppro_cprof,1166,133.73327615780445,104
/company/nec?trk=ppro_cprof,1165,149.7862660944206,119
/company/acosta-sales-&-marketing?trk=ppro_cprof,1165,119.38369098712447,97
/company/qvc?trk=ppro_cprof,1163,134.92949269131557,106
/company/send-out-cards?trk=ppro_cprof,1162,161.6790017211704,131
/company/nova-southeastern-university?trk=ppro_cprof,1162,150.73063683304647,117
/company/michaels-stores-inc.?trk=ppro_cprof,1161,122.85443583118001,96
/company/iri-inc?trk=ppro_cprof,1160,124.24913793103448,99
/company/gilead-sciences?trk=ppro_cprof,1159,133.06988783433994,110
/company/administrative-office-of-the-courts?trk=ppro_cprof,1159,143.78343399482313,116
/company/hofstra-university?trk=ppro_cprof,1157,137.5419187554019,103
/company/the-princeton-review?trk=ppro_cprof,1155,134.1852813852814,103
/company/kennesaw-state-university?trk=ppro_cprof,1155,136.85627705627707,106
/company/rackspace-hosting?trk=ppro_cprof,1155,138.46926406926406,111
/company/trammell-crow-company?trk=ppro_cprof,1154,134.1837088388215,106
/company/thomson-financial?trk=ppro_cprof,1154,130.8882149046794,103
/company/general-dynamics-c4-systems?trk=ppro_cprof,1153,133.20468343451864,108
/company/alere-inc?trk=ppro_cprof,1152,134.4609375,107
/company/alliance-data?trk=ppro_cprof,1152,129.44791666666666,103
/company/hd-supply?trk=ppro_cprof,1152,124.22309027777777,97
/company/meredith?trk=ppro_cprof,1151,130.04865334491745,102
/company/federal-mogul-corporation?trk=ppro_cprof,1151,126.28844483058211,100
/company/stanford-hospital-clinics?trk=ppro_cprof,1150,142.53304347826088,114
/company/u-s-west?trk=ppro_cprof,1149,142.266318537859,113
/company/city-of-chicago?trk=ppro_cprof,1148,139.85191637630663,107
/company/progress-energy?trk=ppro_cprof,1146,133.72862129144852,105
/company/pwc-consulting?trk=ppro_cprof,1146,148.23385689354276,119
/company/march-of-dimes?trk=ppro_cprof,1145,134.27510917030568,105
/company/hitachi-data-systems?trk=ppro_cprof,1144,144.98601398601397,117
/company/amc-theatres?trk=ppro_cprof,1144,121.35839160839161,94
/company/university-of-memphis?trk=ppro_cprof,1144,137.30332167832168,105
/company/cr-bard?trk=ppro_cprof,1143,129.73840769903762,101
/company/autotrader.com?trk=ppro_cprof,1143,132.6570428696413,105
/company/xcel-energy?trk=ppro_cprof,1142,133.2215411558669,106
/company/epic_163658?trk=ppro_cprof,1142,116.01138353765324,93
/company/howard-university?trk=ppro_cprof,1141,139.8168273444347,113
/company/ithaca-college?trk=ppro_cprof,1141,132.10078878177038,104
/company/payless-shoesource?trk=ppro_cprof,1141,116.40841367221735,94
/company/independent-contractor_9?trk=ppro_cprof,1139,134.1676909569798,106
/company/playstation-sony?trk=ppro_cprof,1139,142.53204565408254,114
/company/herbalife?trk=ppro_cprof,1139,138.20280948200175,109
/company/the-buckle?trk=ppro_cprof,1138,124.03690685413005,100
/company/arcadis?trk=ppro_cprof,1138,139.49033391915643,115
/company/university-of-nevada-reno?trk=ppro_cprof,1138,139.3286467486819,110
/company/city-year?trk=ppro_cprof,1138,122.78646748681898,94
/company/ryder-system-inc?trk=ppro_cprof,1138,128.30843585237258,103
/company/rush-university-medical-center?trk=ppro_cprof,1137,130.74582233948988,101
/company/exel?trk=ppro_cprof,1134,121.81746031746032,97
/company/nvidia?trk=ppro_cprof,1134,131.93033509700177,105
/company/foot-locker?trk=ppro_cprof,1134,118.94444444444444,98
/company/black-&-decker?trk=ppro_cprof,1132,126.90724381625442,102
/company/synopsys?trk=ppro_cprof,1131,137.6215738284704,113
/company/protiviti?trk=ppro_cprof,1131,142.38284703801946,113
/company/wright-state-university?trk=ppro_cprof,1131,137.79398762157382,108
/company/cnh?trk=ppro_cprof,1130,127.11150442477876,99
/company/southern-methodist-university?trk=ppro_cprof,1130,142.14513274336284,114
/company/florida-hospital?trk=ppro_cprof,1129,131.3020372010629,103
/company/tva?trk=ppro_cprof,1129,137.5465013286094,106
/company/qinetiq-north-america?trk=ppro_cprof,1128,138.70035460992906,111
/company/towson-university?trk=ppro_cprof,1128,140.84308510638297,110
/company/florida-atlantic-university?trk=ppro_cprof,1126,147.46802841918296,117
/company/uncg?trk=ppro_cprof,1126,133.8525754884547,105
/company/aon-risk-solutions?trk=ppro_cprof,1125,133.95111111111112,108
/company/country-financial-?trk=ppro_cprof,1124,133.93594306049823,113
/company/california-institute-of-technology?trk=ppro_cprof,1124,137.8629893238434,113
/company/mars?trk=ppro_cprof,1123,133.50756901157612,104
/company/enron?trk=ppro_cprof,1123,136.2653606411398,107
/company/st.-john's-university?trk=ppro_cprof,1123,137.16117542297417,108
/company/securitas?trk=ppro_cprof,1121,127.70026761819804,100
/company/sallie-mae?trk=ppro_cprof,1121,127.71810883140054,101
/company/university-of-illinois?trk=ppro_cprof,1121,130.0107047279215,104
/company/lyondell-basell?trk=ppro_cprof,1121,126.35593220338983,101
/company/duke-university-medical-center?trk=ppro_cprof,1121,137.16859946476362,109
/company/abc-television?trk=ppro_cprof,1120,156.34196428571428,121
/company/atos?trk=ppro_cprof,1119,144.11796246648794,116
/company/teradata?trk=ppro_cprof,1119,139.3065236818588,114
/company/jefferson-wells?trk=ppro_cprof,1117,142.78692927484332,114
/company/adp-dealer-services?trk=ppro_cprof,1115,134.74618834080718,107
/company/igate-technologies?trk=ppro_cprof,1115,165.53363228699553,142
/company/kb-home?trk=ppro_cprof,1115,136.82600896860987,110
/company/stream-global-services?trk=ppro_cprof,1115,127.53363228699551,101
/company/villanova-university?trk=ppro_cprof,1115,133.72914798206278,103
/company/altria?trk=ppro_cprof,1114,123.64362657091561,97
/company/lehigh-university?trk=ppro_cprof,1113,128.84995507637018,100
/company/california-state-university-northridge?trk=ppro_cprof,1113,144.1967654986523,114
/company/educational-testing-service-ets?trk=ppro_cprof,1113,139.61725067385444,108
/company/jacobs-technology?trk=ppro_cprof,1112,139.76169064748203,112
/company/canon-inc.?trk=ppro_cprof,1112,130.6609712230216,101
/company/cincinnati-children's-hospital-medical-center?trk=ppro_cprof,1109,127.05139765554554,98
/company/usa-today?trk=ppro_cprof,1109,141.49774571686203,111
/company/burson-marsteller?trk=ppro_cprof,1109,160.96212804328223,128
/company/stop-&-shop?trk=ppro_cprof,1109,118.95130748422002,95
/company/facebook?trk=ppro_cprof,1108,129.90613718411552,101
/company/analysts-international-corporation-aic-?trk=ppro_cprof,1108,140.71570397111913,116
/company/texas-roadhouse?trk=ppro_cprof,1107,118.08581752484191,94
/company/toshiba?trk=ppro_cprof,1106,139.4511754068716,109
/company/huawei?trk=ppro_cprof,1104,146.54076086956522,121
/company/the-new-school?trk=ppro_cprof,1103,156.74524025385313,126
/company/university-of-maryland-university-college?trk=ppro_cprof,1102,153.57803992740472,122
/company/dsw?trk=ppro_cprof,1102,115.92014519056261,92
/company/mwhglobal?trk=ppro_cprof,1100,145.70363636363638,121
/company/charlotte-russe?trk=ppro_cprof,1099,119.45950864422203,94
/company/allina-hospitals-&-clinics?trk=ppro_cprof,1099,124.52502274795269,99
/company/argosy-university?trk=ppro_cprof,1099,151.42675159235668,122
/company/dreamworks-animation?trk=ppro_cprof,1098,146.735883424408,113
/company/amerisourcebergen?trk=ppro_cprof,1098,125.74043715846994,100
/company/gmac-mortgage?trk=ppro_cprof,1097,128.60802187784867,101
/company/perkinelmer?trk=ppro_cprof,1095,130.5068493150685,104
/company/houston-isd?trk=ppro_cprof,1095,136.5908675799087,104
/company/activision?trk=ppro_cprof,1094,150.28610603290676,118
/company/exelon?trk=ppro_cprof,1094,128.36380255941498,103
/company/cleveland-state-university?trk=ppro_cprof,1093,135.9451052150046,104
/company/university-at-albany?trk=ppro_cprof,1091,136.88725939505042,107
/company/lend-lease?trk=ppro_cprof,1091,136.16681943171403,110
/company/unionpacific?trk=ppro_cprof,1090,134.20366972477063,110
/company/standard-register?trk=ppro_cprof,1089,125.6969696969697,101
/company/university-of-maryland-baltimore-county?trk=ppro_cprof,1089,134.51239669421489,109
/company/pepperdine-university?trk=ppro_cprof,1089,148.1404958677686,114
/company/guess-?trk=ppro_cprof,1088,121.12959558823529,95
/company/university-of-idaho?trk=ppro_cprof,1087,138.85740570377186,110
/company/sun-life-financial?trk=ppro_cprof,1086,121.96500920810313,98
/company/ferguson-enterprises?trk=ppro_cprof,1086,118.27716390423572,94
/company/barclays-bank?trk=ppro_cprof,1086,135.92081031307552,109
/company/tsa?trk=ppro_cprof,1085,139.18248847926267,108
/company/group-health-cooperative?trk=ppro_cprof,1085,133.83410138248848,105
/company/volt-workforce-solutions?trk=ppro_cprof,1085,129.09953917050692,106
/company/pace-university?trk=ppro_cprof,1083,141.7903970452447,112
/company/ucla-health-system?trk=ppro_cprof,1083,141.5410895660203,111
/company/hill-rom?trk=ppro_cprof,1082,123.7365988909427,99
/company/independence-blue-cross?trk=ppro_cprof,1082,128.00924214417745,102
/company/textron?trk=ppro_cprof,1080,134.9175925925926,108
/company/maximus?trk=ppro_cprof,1080,128.99537037037038,107
/company/nasa-ames-research-center?trk=ppro_cprof,1079,143.69786839666358,114
/company/insperity?trk=ppro_cprof,1078,165.6873840445269,147
/company/the-exchange_1?trk=ppro_cprof,1076,122.58550185873607,97
/company/ethicon-endo-surgery?trk=ppro_cprof,1075,127.78790697674418,100
/company/mentor_graphics?trk=ppro_cprof,1074,132.18808193668528,108
/company/lee-hecht-harrison?trk=ppro_cprof,1073,153.99720410065237,123
/company/university-of-colorado-denver?trk=ppro_cprof,1071,140.43510737628384,114
/company/follett-higher-education-group?trk=ppro_cprof,1071,124.20448179271709,97
/company/enterprise-holdings-inc.?trk=ppro_cprof,1069,125.21515434985969,101
/company/michaels-arts-and-crafts?trk=ppro_cprof,1069,120.66136576239477,94
/company/cumulus-broadcasting?trk=ppro_cprof,1066,133.88649155722325,106
/company/cdmsmith?trk=ppro_cprof,1065,132.62159624413147,109
/company/groupon?trk=ppro_cprof,1063,123.37629350893697,100
/company/lasalle-bank?trk=ppro_cprof,1059,120.7374881964117,97
/company/avid-technology?trk=ppro_cprof,1059,145.41076487252124,115
/company/rohm-and-haas?trk=ppro_cprof,1059,124.63550519357885,99
/company/elsevier?trk=ppro_cprof,1059,130.8819641170916,101
/company/maritz?trk=ppro_cprof,1058,141.2797731568998,113
/company/cuna-mutual-group?trk=ppro_cprof,1058,128.34782608695653,100
/company/royal-bank-of-scotland?trk=ppro_cprof,1056,128.61363636363637,100
/company/iupui?trk=ppro_cprof,1055,125.4436018957346,100
/company/the-creative-group?trk=ppro_cprof,1054,143.13851992409866,116
/company/yum-brands?trk=ppro_cprof,1052,127.38022813688212,97
/company/carrier-corporation?trk=ppro_cprof,1052,126.38403041825094,99
/company/janssen-pharmaceutical-companies-of-johnson-and-johnson?trk=ppro_cprof,1050,129.35142857142858,103
/company/ikea-group?trk=ppro_cprof,1049,126.94852240228789,101
/company/oxy?trk=ppro_cprof,1048,128.92652671755727,103
/company/national-geographic-society?trk=ppro_cprof,1048,140.04961832061068,114
/company/fox-news-channel?trk=ppro_cprof,1047,147.24259789875836,115
/company/national-grid?trk=ppro_cprof,1047,129.46131805157594,103
/company/nyseeuronext?trk=ppro_cprof,1047,144.19961795606494,114
/company/dunkin-donuts?trk=ppro_cprof,1046,114.80114722753346,89
/company/university-of-massachusetts-lowell?trk=ppro_cprof,1045,136.46315789473684,106
/company/american-income-life?trk=ppro_cprof,1043,136.12559923298178,105
/company/united-states-attorney's-office?trk=ppro_cprof,1041,156.14217098943323,127
/company/the-ohio-state-university-wexner-medical-center?trk=ppro_cprof,1040,133.25,109
/company/mercy?trk=ppro_cprof,1040,123.42596153846154,97
/company/tasc?trk=ppro_cprof,1040,142.76634615384614,117
/company/a.t.-kearney?trk=ppro_cprof,1039,143.10490856592878,115
/company/mac-cosmetics?trk=ppro_cprof,1039,138.89894128970164,110
/company/fico_3398?trk=ppro_cprof,1038,138.02793834296725,111
/company/dr-horton?trk=ppro_cprof,1038,135.48073217726397,105
/company/data-general?trk=ppro_cprof,1038,137.76878612716763,111
/company/waddell-&-reed?trk=ppro_cprof,1038,137.66859344894027,109
/company/colorado-technical-university?trk=ppro_cprof,1037,146.05110896817743,115
/company/memorial-hermann-healthcare-system?trk=ppro_cprof,1036,124.30984555984556,98
/company/corporateexecutiveboard?trk=ppro_cprof,1036,130.25289575289574,105
/company/nalco?trk=ppro_cprof,1035,131.43864734299518,103
/company/suntrust-mortgage?trk=ppro_cprof,1035,127.02705314009661,104
/company/arthur-j.-gallagher-and-co?trk=ppro_cprof,1035,128.59323671497586,107
/company/rovi?trk=ppro_cprof,1034,142.86847195357834,112
/company/shire-pharmaceuticals?trk=ppro_cprof,1033,129.5295256534366,103
/company/fossil?trk=ppro_cprof,1033,124.11713455953533,100
/company/gentiva-health-services?trk=ppro_cprof,1031,119.90203685741999,97
/company/college-of-william-and-mary?trk=ppro_cprof,1030,130.73009708737865,103
/company/bea-systems?trk=ppro_cprof,1030,151.69029126213593,124
/company/analog-devices?trk=ppro_cprof,1029,129.37512147716228,102
/company/jimmy-john's?trk=ppro_cprof,1029,117.26239067055394,92
/company/sabic?trk=ppro_cprof,1029,127.87755102040816,100
/company/dartmouth-college?trk=ppro_cprof,1027,135.19279454722493,104
/company/brookdale-senior-living?trk=ppro_cprof,1027,121.77507302823759,95
/company/tw-telecom?trk=ppro_cprof,1026,131.38401559454192,107
/company/kci-medical?trk=ppro_cprof,1025,128.2048780487805,103
/company/intermountain-healthcare?trk=ppro_cprof,1024,128.1572265625,103
/company/hy-vee?trk=ppro_cprof,1023,116.12707722385142,92
/company/rent-a-center?trk=ppro_cprof,1021,128.29187071498532,102
/company/solectron?trk=ppro_cprof,1020,134.0735294117647,107
/company/praxair?trk=ppro_cprof,1020,124.60392156862746,98
/company/nokia-siemens-networks?trk=ppro_cprof,1020,139.26470588235293,111
/company/lam-research?trk=ppro_cprof,1019,134.00294406280668,107
/company/sonic-drive-in?trk=ppro_cprof,1019,117.67320902845927,95
/company/chicago-tribune-media-group?trk=ppro_cprof,1019,134.57311089303238,105
/company/hitachi-consulting?trk=ppro_cprof,1018,151.9911591355599,124
/company/arby's-restaurant-group-inc?trk=ppro_cprof,1018,118.11296660117878,94
/company/loyola-marymount-university?trk=ppro_cprof,1017,139.24483775811208,109
/company/quadgraphics?trk=ppro_cprof,1017,122.11012782694199,99
/company/emerson-college?trk=ppro_cprof,1016,134.68208661417322,109
/company/big-brothers-big-sisters?trk=ppro_cprof,1016,128.75,101
/company/servicemaster?trk=ppro_cprof,1015,128.59507389162562,105
/company/carlson-marketing?trk=ppro_cprof,1015,137.68768472906405,110
/company/reebok?trk=ppro_cprof,1014,124.91222879684418,97
/company/bnp-paribas?trk=ppro_cprof,1012,128.73320158102766,102
/company/foote-cone-&-belding?trk=ppro_cprof,1012,155.32411067193675,124
/company/a.g.-edwards-&-sons-inc.?trk=ppro_cprof,1012,146.12055335968378,117
/company/oce?trk=ppro_cprof,1011,123.54896142433235,100
/company/omni-hotels?trk=ppro_cprof,1011,128.00989119683481,103
/company/southwestern-advantage?trk=ppro_cprof,1010,144.54851485148515,118
/company/steelcase?trk=ppro_cprof,1008,125.57638888888889,99
/company/tenneco?trk=ppro_cprof,1007,134.04071499503476,107
/company/the-boston-consulting-group?trk=ppro_cprof,1007,136.02581926514398,107
/company/robert-half-management-resources?trk=ppro_cprof,1006,140.2544731610338,114
/company/trader-joe's?trk=ppro_cprof,1006,124.73658051689861,100
/company/samsung-telecommunications-america?trk=ppro_cprof,1005,134.0547263681592,108
/company/fry's-electronics?trk=ppro_cprof,1004,121.01593625498008,96
/company/doubletree-hilton?trk=ppro_cprof,1004,124.11454183266932,99
/company/intergraph?trk=ppro_cprof,1004,144.3276892430279,120
/company/dignity-health?trk=ppro_cprof,1003,133.54835493519442,108
/company/actavis-inc-?trk=ppro_cprof,1003,132.07676969092722,105
/company/sungard-availability-services?trk=ppro_cprof,1003,139.33300099700898,110
/company/chico's-fas-inc?trk=ppro_cprof,1003,126.61714855433699,101
/company/lifetouch?trk=ppro_cprof,1003,125.2073778664008,102
/company/carlson-wagonlit-travel?trk=ppro_cprof,1002,131.95009980039922,105
/company/dana-farber-cancer-institute?trk=ppro_cprof,1001,129.7912087912088,102
